<annotation>
	<folder>IMG brain</folder>
	<filename>brian-22.JPEG</filename>
	<path>/home/pi/Desktop/IMG brain/brian-22.JPEG</path>
	<source>
		<database>Unknown</database>
	</source>
	<size>
		<width>1280</width>
		<height>1280</height>
		<depth>3</depth>
	</size>
	<segmented>0</segmented>
	<object>
		<name>bar</name>
		<pose>Unspecified</pose>
		<truncated>0</truncated>
		<difficult>0</difficult>
		<bndbox>
			<xmin>367</xmin>
			<ymin>999</ymin>
			<xmax>667</xmax>
			<ymax>1105</ymax>
		</bndbox>
	</object>
	<object>
		<name>bar</name>
		<pose>Unspecified</pose>
		<truncated>0</truncated>
		<difficult>0</difficult>
		<bndbox>
			<xmin>161</xmin>
			<ymin>453</ymin>
			<xmax>467</xmax>
			<ymax>557</ymax>
		</bndbox>
	</object>
	<object>
		<name>square</name>
		<pose>Unspecified</pose>
		<truncated>0</truncated>
		<difficult>0</difficult>
		<bndbox>
			<xmin>829</xmin>
			<ymin>368</ymin>
			<xmax>1222</xmax>
			<ymax>757</ymax>
		</bndbox>
	</object>
</annotation>
