<annotation>
	<folder>IMG brain</folder>
	<filename>brian-29.JPEG</filename>
	<path>/home/pi/Desktop/IMG brain/brian-29.JPEG</path>
	<source>
		<database>Unknown</database>
	</source>
	<size>
		<width>1280</width>
		<height>1280</height>
		<depth>3</depth>
	</size>
	<segmented>0</segmented>
	<object>
		<name>bar</name>
		<pose>Unspecified</pose>
		<truncated>0</truncated>
		<difficult>0</difficult>
		<bndbox>
			<xmin>255</xmin>
			<ymin>412</ymin>
			<xmax>398</xmax>
			<ymax>683</ymax>
		</bndbox>
	</object>
	<object>
		<name>square</name>
		<pose>Unspecified</pose>
		<truncated>0</truncated>
		<difficult>0</difficult>
		<bndbox>
			<xmin>613</xmin>
			<ymin>164</ymin>
			<xmax>998</xmax>
			<ymax>553</ymax>
		</bndbox>
	</object>
	<object>
		<name>square</name>
		<pose>Unspecified</pose>
		<truncated>0</truncated>
		<difficult>0</difficult>
		<bndbox>
			<xmin>392</xmin>
			<ymin>833</ymin>
			<xmax>787</xmax>
			<ymax>1223</ymax>
		</bndbox>
	</object>
</annotation>
