<annotation>
	<folder>IMG brain</folder>
	<filename>brian-27.JPEG</filename>
	<path>/home/pi/Desktop/IMG brain/brian-27.JPEG</path>
	<source>
		<database>Unknown</database>
	</source>
	<size>
		<width>1280</width>
		<height>1280</height>
		<depth>3</depth>
	</size>
	<segmented>0</segmented>
	<object>
		<name>triangle</name>
		<pose>Unspecified</pose>
		<truncated>0</truncated>
		<difficult>0</difficult>
		<bndbox>
			<xmin>681</xmin>
			<ymin>896</ymin>
			<xmax>922</xmax>
			<ymax>1162</ymax>
		</bndbox>
	</object>
	<object>
		<name>circle</name>
		<pose>Unspecified</pose>
		<truncated>0</truncated>
		<difficult>0</difficult>
		<bndbox>
			<xmin>335</xmin>
			<ymin>536</ymin>
			<xmax>598</xmax>
			<ymax>798</ymax>
		</bndbox>
	</object>
	<object>
		<name>bar</name>
		<pose>Unspecified</pose>
		<truncated>0</truncated>
		<difficult>0</difficult>
		<bndbox>
			<xmin>429</xmin>
			<ymin>164</ymin>
			<xmax>700</xmax>
			<ymax>327</ymax>
		</bndbox>
	</object>
</annotation>
