<annotation>
	<folder>IMG brain</folder>
	<filename>brian-21.JPEG</filename>
	<path>/home/pi/Desktop/IMG brain/brian-21.JPEG</path>
	<source>
		<database>Unknown</database>
	</source>
	<size>
		<width>1280</width>
		<height>1280</height>
		<depth>3</depth>
	</size>
	<segmented>0</segmented>
	<object>
		<name>square</name>
		<pose>Unspecified</pose>
		<truncated>0</truncated>
		<difficult>0</difficult>
		<bndbox>
			<xmin>600</xmin>
			<ymin>251</ymin>
			<xmax>942</xmax>
			<ymax>596</ymax>
		</bndbox>
	</object>
	<object>
		<name>triangle</name>
		<pose>Unspecified</pose>
		<truncated>0</truncated>
		<difficult>0</difficult>
		<bndbox>
			<xmin>752</xmin>
			<ymin>761</ymin>
			<xmax>1007</xmax>
			<ymax>1014</ymax>
		</bndbox>
	</object>
	<object>
		<name>bar</name>
		<pose>Unspecified</pose>
		<truncated>0</truncated>
		<difficult>0</difficult>
		<bndbox>
			<xmin>202</xmin>
			<ymin>859</ymin>
			<xmax>470</xmax>
			<ymax>938</ymax>
		</bndbox>
	</object>
</annotation>
