<annotation>
	<folder>IMG brain</folder>
	<filename>brian-44.JPEG</filename>
	<path>/home/pi/Desktop/IMG brain/brian-44.JPEG</path>
	<source>
		<database>Unknown</database>
	</source>
	<size>
		<width>1280</width>
		<height>1280</height>
		<depth>3</depth>
	</size>
	<segmented>0</segmented>
	<object>
		<name>square</name>
		<pose>Unspecified</pose>
		<truncated>0</truncated>
		<difficult>0</difficult>
		<bndbox>
			<xmin>196</xmin>
			<ymin>405</ymin>
			<xmax>550</xmax>
			<ymax>757</ymax>
		</bndbox>
	</object>
	<object>
		<name>bar</name>
		<pose>Unspecified</pose>
		<truncated>0</truncated>
		<difficult>0</difficult>
		<bndbox>
			<xmin>557</xmin>
			<ymin>590</ymin>
			<xmax>633</xmax>
			<ymax>844</ymax>
		</bndbox>
	</object>
	<object>
		<name>circle</name>
		<pose>Unspecified</pose>
		<truncated>0</truncated>
		<difficult>0</difficult>
		<bndbox>
			<xmin>735</xmin>
			<ymin>448</ymin>
			<xmax>987</xmax>
			<ymax>696</ymax>
		</bndbox>
	</object>
</annotation>
