<annotation>
	<folder>IMG brain</folder>
	<filename>brian-35.JPEG</filename>
	<path>/home/pi/Desktop/IMG brain/brian-35.JPEG</path>
	<source>
		<database>Unknown</database>
	</source>
	<size>
		<width>1280</width>
		<height>1280</height>
		<depth>3</depth>
	</size>
	<segmented>0</segmented>
	<object>
		<name>square</name>
		<pose>Unspecified</pose>
		<truncated>0</truncated>
		<difficult>0</difficult>
		<bndbox>
			<xmin>218</xmin>
			<ymin>548</ymin>
			<xmax>572</xmax>
			<ymax>890</ymax>
		</bndbox>
	</object>
	<object>
		<name>triangle</name>
		<pose>Unspecified</pose>
		<truncated>0</truncated>
		<difficult>0</difficult>
		<bndbox>
			<xmin>709</xmin>
			<ymin>575</ymin>
			<xmax>939</xmax>
			<ymax>812</ymax>
		</bndbox>
	</object>
	<object>
		<name>bar</name>
		<pose>Unspecified</pose>
		<truncated>0</truncated>
		<difficult>0</difficult>
		<bndbox>
			<xmin>526</xmin>
			<ymin>861</ymin>
			<xmax>670</xmax>
			<ymax>1103</ymax>
		</bndbox>
	</object>
</annotation>
