<annotation>
	<folder>IMG brain</folder>
	<filename>brian-39.JPEG</filename>
	<path>/home/pi/Desktop/IMG brain/brian-39.JPEG</path>
	<source>
		<database>Unknown</database>
	</source>
	<size>
		<width>1280</width>
		<height>1280</height>
		<depth>3</depth>
	</size>
	<segmented>0</segmented>
	<object>
		<name>bar</name>
		<pose>Unspecified</pose>
		<truncated>0</truncated>
		<difficult>0</difficult>
		<bndbox>
			<xmin>328</xmin>
			<ymin>503</ymin>
			<xmax>522</xmax>
			<ymax>740</ymax>
		</bndbox>
	</object>
	<object>
		<name>bar</name>
		<pose>Unspecified</pose>
		<truncated>0</truncated>
		<difficult>0</difficult>
		<bndbox>
			<xmin>555</xmin>
			<ymin>618</ymin>
			<xmax>831</xmax>
			<ymax>723</ymax>
		</bndbox>
	</object>
	<object>
		<name>square</name>
		<pose>Unspecified</pose>
		<truncated>0</truncated>
		<difficult>0</difficult>
		<bndbox>
			<xmin>435</xmin>
			<ymin>751</ymin>
			<xmax>787</xmax>
			<ymax>1101</ymax>
		</bndbox>
	</object>
</annotation>
