<annotation>
	<folder>IMG brain</folder>
	<filename>brian-28.JPEG</filename>
	<path>/home/pi/Desktop/IMG brain/brian-28.JPEG</path>
	<source>
		<database>Unknown</database>
	</source>
	<size>
		<width>1280</width>
		<height>1280</height>
		<depth>3</depth>
	</size>
	<segmented>0</segmented>
	<object>
		<name>circle</name>
		<pose>Unspecified</pose>
		<truncated>0</truncated>
		<difficult>0</difficult>
		<bndbox>
			<xmin>257</xmin>
			<ymin>620</ymin>
			<xmax>520</xmax>
			<ymax>879</ymax>
		</bndbox>
	</object>
	<object>
		<name>square</name>
		<pose>Unspecified</pose>
		<truncated>0</truncated>
		<difficult>0</difficult>
		<bndbox>
			<xmin>559</xmin>
			<ymin>523</ymin>
			<xmax>924</xmax>
			<ymax>890</ymax>
		</bndbox>
	</object>
	<object>
		<name>triangle</name>
		<pose>Unspecified</pose>
		<truncated>0</truncated>
		<difficult>0</difficult>
		<bndbox>
			<xmin>609</xmin>
			<ymin>962</ymin>
			<xmax>852</xmax>
			<ymax>1223</ymax>
		</bndbox>
	</object>
</annotation>
