<annotation>
	<folder>IMG brain</folder>
	<filename>brian-36.JPEG</filename>
	<path>/home/pi/Desktop/IMG brain/brian-36.JPEG</path>
	<source>
		<database>Unknown</database>
	</source>
	<size>
		<width>1280</width>
		<height>1280</height>
		<depth>3</depth>
	</size>
	<segmented>0</segmented>
	<object>
		<name>bar</name>
		<pose>Unspecified</pose>
		<truncated>0</truncated>
		<difficult>0</difficult>
		<bndbox>
			<xmin>292</xmin>
			<ymin>586</ymin>
			<xmax>476</xmax>
			<ymax>836</ymax>
		</bndbox>
	</object>
	<object>
		<name>bar</name>
		<pose>Unspecified</pose>
		<truncated>0</truncated>
		<difficult>0</difficult>
		<bndbox>
			<xmin>517</xmin>
			<ymin>888</ymin>
			<xmax>667</xmax>
			<ymax>1155</ymax>
		</bndbox>
	</object>
	<object>
		<name>triangle</name>
		<pose>Unspecified</pose>
		<truncated>0</truncated>
		<difficult>0</difficult>
		<bndbox>
			<xmin>718</xmin>
			<ymin>588</ymin>
			<xmax>963</xmax>
			<ymax>848</ymax>
		</bndbox>
	</object>
</annotation>
