<annotation>
	<folder>IMG brain</folder>
	<filename>brian-31.JPEG</filename>
	<path>/home/pi/Desktop/IMG brain/brian-31.JPEG</path>
	<source>
		<database>Unknown</database>
	</source>
	<size>
		<width>1280</width>
		<height>1280</height>
		<depth>3</depth>
	</size>
	<segmented>0</segmented>
	<object>
		<name>triangle</name>
		<pose>Unspecified</pose>
		<truncated>0</truncated>
		<difficult>0</difficult>
		<bndbox>
			<xmin>579</xmin>
			<ymin>292</ymin>
			<xmax>839</xmax>
			<ymax>535</ymax>
		</bndbox>
	</object>
	<object>
		<name>square</name>
		<pose>Unspecified</pose>
		<truncated>0</truncated>
		<difficult>0</difficult>
		<bndbox>
			<xmin>324</xmin>
			<ymin>746</ymin>
			<xmax>678</xmax>
			<ymax>1099</ymax>
		</bndbox>
	</object>
	<object>
		<name>circle</name>
		<pose>Unspecified</pose>
		<truncated>0</truncated>
		<difficult>0</difficult>
		<bndbox>
			<xmin>881</xmin>
			<ymin>738</ymin>
			<xmax>1142</xmax>
			<ymax>999</ymax>
		</bndbox>
	</object>
</annotation>
