<annotation>
	<folder>IMG brain</folder>
	<filename>brian-40.JPEG</filename>
	<path>/home/pi/Desktop/IMG brain/brian-40.JPEG</path>
	<source>
		<database>Unknown</database>
	</source>
	<size>
		<width>1280</width>
		<height>1280</height>
		<depth>3</depth>
	</size>
	<segmented>0</segmented>
	<object>
		<name>bar</name>
		<pose>Unspecified</pose>
		<truncated>0</truncated>
		<difficult>0</difficult>
		<bndbox>
			<xmin>376</xmin>
			<ymin>549</ymin>
			<xmax>552</xmax>
			<ymax>781</ymax>
		</bndbox>
	</object>
	<object>
		<name>triangle</name>
		<pose>Unspecified</pose>
		<truncated>0</truncated>
		<difficult>0</difficult>
		<bndbox>
			<xmin>605</xmin>
			<ymin>601</ymin>
			<xmax>848</xmax>
			<ymax>831</ymax>
		</bndbox>
	</object>
	<object>
		<name>circle</name>
		<pose>Unspecified</pose>
		<truncated>0</truncated>
		<difficult>0</difficult>
		<bndbox>
			<xmin>594</xmin>
			<ymin>903</ymin>
			<xmax>848</xmax>
			<ymax>1161</ymax>
		</bndbox>
	</object>
</annotation>
