<annotation>
	<folder>IMG brain</folder>
	<filename>brian-38.JPEG</filename>
	<path>/home/pi/Desktop/IMG brain/brian-38.JPEG</path>
	<source>
		<database>Unknown</database>
	</source>
	<size>
		<width>1280</width>
		<height>1280</height>
		<depth>3</depth>
	</size>
	<segmented>0</segmented>
	<object>
		<name>circle</name>
		<pose>Unspecified</pose>
		<truncated>0</truncated>
		<difficult>0</difficult>
		<bndbox>
			<xmin>542</xmin>
			<ymin>473</ymin>
			<xmax>787</xmax>
			<ymax>725</ymax>
		</bndbox>
	</object>
	<object>
		<name>square</name>
		<pose>Unspecified</pose>
		<truncated>0</truncated>
		<difficult>0</difficult>
		<bndbox>
			<xmin>361</xmin>
			<ymin>738</ymin>
			<xmax>687</xmax>
			<ymax>1062</ymax>
		</bndbox>
	</object>
	<object>
		<name>bar</name>
		<pose>Unspecified</pose>
		<truncated>0</truncated>
		<difficult>0</difficult>
		<bndbox>
			<xmin>246</xmin>
			<ymin>494</ymin>
			<xmax>422</xmax>
			<ymax>736</ymax>
		</bndbox>
	</object>
</annotation>
