<annotation>
	<folder>IMG brain</folder>
	<filename>brian-2.JPEG</filename>
	<path>/home/pi/Desktop/IMG brain/brian-2.JPEG</path>
	<source>
		<database>Unknown</database>
	</source>
	<size>
		<width>1280</width>
		<height>1280</height>
		<depth>3</depth>
	</size>
	<segmented>0</segmented>
	<object>
		<name>circle</name>
		<pose>Unspecified</pose>
		<truncated>0</truncated>
		<difficult>0</difficult>
		<bndbox>
			<xmin>492</xmin>
			<ymin>566</ymin>
			<xmax>685</xmax>
			<ymax>759</ymax>
		</bndbox>
	</object>
	<object>
		<name>square</name>
		<pose>Unspecified</pose>
		<truncated>0</truncated>
		<difficult>0</difficult>
		<bndbox>
			<xmin>818</xmin>
			<ymin>581</ymin>
			<xmax>1079</xmax>
			<ymax>836</ymax>
		</bndbox>
	</object>
</annotation>
