<annotation>
	<folder>IMG brain</folder>
	<filename>brian-34.JPEG</filename>
	<path>/home/pi/Desktop/IMG brain/brian-34.JPEG</path>
	<source>
		<database>Unknown</database>
	</source>
	<size>
		<width>1280</width>
		<height>1280</height>
		<depth>3</depth>
	</size>
	<segmented>0</segmented>
	<object>
		<name>triangle</name>
		<pose>Unspecified</pose>
		<truncated>0</truncated>
		<difficult>0</difficult>
		<bndbox>
			<xmin>746</xmin>
			<ymin>607</ymin>
			<xmax>972</xmax>
			<ymax>855</ymax>
		</bndbox>
	</object>
	<object>
		<name>circle</name>
		<pose>Unspecified</pose>
		<truncated>0</truncated>
		<difficult>0</difficult>
		<bndbox>
			<xmin>339</xmin>
			<ymin>592</ymin>
			<xmax>592</xmax>
			<ymax>851</ymax>
		</bndbox>
	</object>
	<object>
		<name>bar</name>
		<pose>Unspecified</pose>
		<truncated>0</truncated>
		<difficult>0</difficult>
		<bndbox>
			<xmin>552</xmin>
			<ymin>898</ymin>
			<xmax>700</xmax>
			<ymax>1155</ymax>
		</bndbox>
	</object>
</annotation>
