<annotation>
	<folder>IMG brain</folder>
	<filename>brian-33.JPEG</filename>
	<path>/home/pi/Desktop/IMG brain/brian-33.JPEG</path>
	<source>
		<database>Unknown</database>
	</source>
	<size>
		<width>1280</width>
		<height>1280</height>
		<depth>3</depth>
	</size>
	<segmented>0</segmented>
	<object>
		<name>triangle</name>
		<pose>Unspecified</pose>
		<truncated>0</truncated>
		<difficult>0</difficult>
		<bndbox>
			<xmin>561</xmin>
			<ymin>518</ymin>
			<xmax>776</xmax>
			<ymax>761</ymax>
		</bndbox>
	</object>
	<object>
		<name>triangle</name>
		<pose>Unspecified</pose>
		<truncated>0</truncated>
		<difficult>0</difficult>
		<bndbox>
			<xmin>763</xmin>
			<ymin>792</ymin>
			<xmax>978</xmax>
			<ymax>1036</ymax>
		</bndbox>
	</object>
	<object>
		<name>circle</name>
		<pose>Unspecified</pose>
		<truncated>0</truncated>
		<difficult>0</difficult>
		<bndbox>
			<xmin>159</xmin>
			<ymin>522</ymin>
			<xmax>409</xmax>
			<ymax>770</ymax>
		</bndbox>
	</object>
</annotation>
