<annotation>
	<folder>IMG brain</folder>
	<filename>brian-25.JPEG</filename>
	<path>/home/pi/Desktop/IMG brain/brian-25.JPEG</path>
	<source>
		<database>Unknown</database>
	</source>
	<size>
		<width>1280</width>
		<height>1280</height>
		<depth>3</depth>
	</size>
	<segmented>0</segmented>
	<object>
		<name>bar</name>
		<pose>Unspecified</pose>
		<truncated>0</truncated>
		<difficult>0</difficult>
		<bndbox>
			<xmin>257</xmin>
			<ymin>277</ymin>
			<xmax>517</xmax>
			<ymax>422</ymax>
		</bndbox>
	</object>
	<object>
		<name>circle</name>
		<pose>Unspecified</pose>
		<truncated>0</truncated>
		<difficult>0</difficult>
		<bndbox>
			<xmin>181</xmin>
			<ymin>622</ymin>
			<xmax>431</xmax>
			<ymax>864</ymax>
		</bndbox>
	</object>
	<object>
		<name>circle</name>
		<pose>Unspecified</pose>
		<truncated>0</truncated>
		<difficult>0</difficult>
		<bndbox>
			<xmin>637</xmin>
			<ymin>553</ymin>
			<xmax>889</xmax>
			<ymax>798</ymax>
		</bndbox>
	</object>
</annotation>
