<annotation>
	<folder>IMG brain</folder>
	<filename>brian-23.JPEG</filename>
	<path>/home/pi/Desktop/IMG brain/brian-23.JPEG</path>
	<source>
		<database>Unknown</database>
	</source>
	<size>
		<width>1280</width>
		<height>1280</height>
		<depth>3</depth>
	</size>
	<segmented>0</segmented>
	<object>
		<name>square</name>
		<pose>Unspecified</pose>
		<truncated>0</truncated>
		<difficult>0</difficult>
		<bndbox>
			<xmin>711</xmin>
			<ymin>872</ymin>
			<xmax>996</xmax>
			<ymax>1157</ymax>
		</bndbox>
	</object>
	<object>
		<name>circle</name>
		<pose>Unspecified</pose>
		<truncated>0</truncated>
		<difficult>0</difficult>
		<bndbox>
			<xmin>226</xmin>
			<ymin>690</ymin>
			<xmax>461</xmax>
			<ymax>925</ymax>
		</bndbox>
	</object>
	<object>
		<name>bar</name>
		<pose>Unspecified</pose>
		<truncated>0</truncated>
		<difficult>0</difficult>
		<bndbox>
			<xmin>285</xmin>
			<ymin>370</ymin>
			<xmax>529</xmax>
			<ymax>488</ymax>
		</bndbox>
	</object>
</annotation>
