<annotation>
	<folder>IMG brain</folder>
	<filename>brian-37.JPEG</filename>
	<path>/home/pi/Desktop/IMG brain/brian-37.JPEG</path>
	<source>
		<database>Unknown</database>
	</source>
	<size>
		<width>1280</width>
		<height>1280</height>
		<depth>3</depth>
	</size>
	<segmented>0</segmented>
	<object>
		<name>bar</name>
		<pose>Unspecified</pose>
		<truncated>0</truncated>
		<difficult>0</difficult>
		<bndbox>
			<xmin>200</xmin>
			<ymin>462</ymin>
			<xmax>383</xmax>
			<ymax>718</ymax>
		</bndbox>
	</object>
	<object>
		<name>bar</name>
		<pose>Unspecified</pose>
		<truncated>0</truncated>
		<difficult>0</difficult>
		<bndbox>
			<xmin>428</xmin>
			<ymin>768</ymin>
			<xmax>587</xmax>
			<ymax>1029</ymax>
		</bndbox>
	</object>
	<object>
		<name>circle</name>
		<pose>Unspecified</pose>
		<truncated>0</truncated>
		<difficult>0</difficult>
		<bndbox>
			<xmin>509</xmin>
			<ymin>435</ymin>
			<xmax>776</xmax>
			<ymax>709</ymax>
		</bndbox>
	</object>
</annotation>
