<annotation>
	<folder>help</folder>
	<filename>help-8.JPEG</filename>
	<path>/home/pi/Desktop/help/help-8.JPEG</path>
	<source>
		<database>Unknown</database>
	</source>
	<size>
		<width>1280</width>
		<height>1280</height>
		<depth>3</depth>
	</size>
	<segmented>0</segmented>
	<object>
		<name>square</name>
		<pose>Unspecified</pose>
		<truncated>0</truncated>
		<difficult>0</difficult>
		<bndbox>
			<xmin>402</xmin>
			<ymin>101</ymin>
			<xmax>941</xmax>
			<ymax>640</ymax>
		</bndbox>
	</object>
	<object>
		<name>circle</name>
		<pose>Unspecified</pose>
		<truncated>0</truncated>
		<difficult>0</difficult>
		<bndbox>
			<xmin>552</xmin>
			<ymin>794</ymin>
			<xmax>998</xmax>
			<ymax>1244</ymax>
		</bndbox>
	</object>
</annotation>
