<annotation>
	<folder>help</folder>
	<filename>help-55.JPEG</filename>
	<path>/home/pi/Desktop/help/help-55.JPEG</path>
	<source>
		<database>Unknown</database>
	</source>
	<size>
		<width>1280</width>
		<height>1280</height>
		<depth>3</depth>
	</size>
	<segmented>0</segmented>
	<object>
		<name>circle</name>
		<pose>Unspecified</pose>
		<truncated>0</truncated>
		<difficult>0</difficult>
		<bndbox>
			<xmin>365</xmin>
			<ymin>90</ymin>
			<xmax>567</xmax>
			<ymax>299</ymax>
		</bndbox>
	</object>
	<object>
		<name>square</name>
		<pose>Unspecified</pose>
		<truncated>0</truncated>
		<difficult>0</difficult>
		<bndbox>
			<xmin>722</xmin>
			<ymin>246</ymin>
			<xmax>983</xmax>
			<ymax>505</ymax>
		</bndbox>
	</object>
	<object>
		<name>square</name>
		<pose>Unspecified</pose>
		<truncated>0</truncated>
		<difficult>0</difficult>
		<bndbox>
			<xmin>459</xmin>
			<ymin>1048</ymin>
			<xmax>668</xmax>
			<ymax>1262</ymax>
		</bndbox>
	</object>
</annotation>
