<annotation>
	<folder>help</folder>
	<filename>help-25.JPEG</filename>
	<path>/home/pi/Desktop/help/help-25.JPEG</path>
	<source>
		<database>Unknown</database>
	</source>
	<size>
		<width>1280</width>
		<height>1280</height>
		<depth>3</depth>
	</size>
	<segmented>0</segmented>
	<object>
		<name>circle</name>
		<pose>Unspecified</pose>
		<truncated>0</truncated>
		<difficult>0</difficult>
		<bndbox>
			<xmin>513</xmin>
			<ymin>148</ymin>
			<xmax>768</xmax>
			<ymax>405</ymax>
		</bndbox>
	</object>
	<object>
		<name>bar</name>
		<pose>Unspecified</pose>
		<truncated>0</truncated>
		<difficult>0</difficult>
		<bndbox>
			<xmin>368</xmin>
			<ymin>686</ymin>
			<xmax>505</xmax>
			<ymax>957</ymax>
		</bndbox>
	</object>
</annotation>
