<annotation>
	<folder>help</folder>
	<filename>help-81.JPEG</filename>
	<path>/home/pi/Desktop/help/help-81.JPEG</path>
	<source>
		<database>Unknown</database>
	</source>
	<size>
		<width>1280</width>
		<height>1280</height>
		<depth>3</depth>
	</size>
	<segmented>0</segmented>
	<object>
		<name>triangle</name>
		<pose>Unspecified</pose>
		<truncated>0</truncated>
		<difficult>0</difficult>
		<bndbox>
			<xmin>378</xmin>
			<ymin>312</ymin>
			<xmax>567</xmax>
			<ymax>479</ymax>
		</bndbox>
	</object>
	<object>
		<name>bar</name>
		<pose>Unspecified</pose>
		<truncated>0</truncated>
		<difficult>0</difficult>
		<bndbox>
			<xmin>700</xmin>
			<ymin>423</ymin>
			<xmax>881</xmax>
			<ymax>577</ymax>
		</bndbox>
	</object>
	<object>
		<name>circle</name>
		<pose>Unspecified</pose>
		<truncated>0</truncated>
		<difficult>0</difficult>
		<bndbox>
			<xmin>491</xmin>
			<ymin>603</ymin>
			<xmax>683</xmax>
			<ymax>807</ymax>
		</bndbox>
	</object>
</annotation>
