<annotation>
	<folder>help</folder>
	<filename>help-49.JPEG</filename>
	<path>/home/pi/Desktop/help/help-49.JPEG</path>
	<source>
		<database>Unknown</database>
	</source>
	<size>
		<width>1280</width>
		<height>1280</height>
		<depth>3</depth>
	</size>
	<segmented>0</segmented>
	<object>
		<name>square</name>
		<pose>Unspecified</pose>
		<truncated>0</truncated>
		<difficult>0</difficult>
		<bndbox>
			<xmin>183</xmin>
			<ymin>209</ymin>
			<xmax>626</xmax>
			<ymax>642</ymax>
		</bndbox>
	</object>
	<object>
		<name>square</name>
		<pose>Unspecified</pose>
		<truncated>0</truncated>
		<difficult>0</difficult>
		<bndbox>
			<xmin>467</xmin>
			<ymin>748</ymin>
			<xmax>831</xmax>
			<ymax>1107</ymax>
		</bndbox>
	</object>
	<object>
		<name>bar</name>
		<pose>Unspecified</pose>
		<truncated>0</truncated>
		<difficult>0</difficult>
		<bndbox>
			<xmin>883</xmin>
			<ymin>670</ymin>
			<xmax>1050</xmax>
			<ymax>998</ymax>
		</bndbox>
	</object>
</annotation>
