<annotation>
	<folder>help</folder>
	<filename>help-94.JPEG</filename>
	<path>/home/pi/Desktop/help/help-94.JPEG</path>
	<source>
		<database>Unknown</database>
	</source>
	<size>
		<width>1280</width>
		<height>1280</height>
		<depth>3</depth>
	</size>
	<segmented>0</segmented>
	<object>
		<name>circle</name>
		<pose>Unspecified</pose>
		<truncated>0</truncated>
		<difficult>0</difficult>
		<bndbox>
			<xmin>311</xmin>
			<ymin>385</ymin>
			<xmax>572</xmax>
			<ymax>640</ymax>
		</bndbox>
	</object>
	<object>
		<name>square</name>
		<pose>Unspecified</pose>
		<truncated>0</truncated>
		<difficult>0</difficult>
		<bndbox>
			<xmin>715</xmin>
			<ymin>620</ymin>
			<xmax>1076</xmax>
			<ymax>979</ymax>
		</bndbox>
	</object>
	<object>
		<name>bar</name>
		<pose>Unspecified</pose>
		<truncated>0</truncated>
		<difficult>0</difficult>
		<bndbox>
			<xmin>263</xmin>
			<ymin>766</ymin>
			<xmax>454</xmax>
			<ymax>1011</ymax>
		</bndbox>
	</object>
</annotation>
