<annotation>
	<folder>help</folder>
	<filename>help-19.JPEG</filename>
	<path>/home/pi/Desktop/help/help-19.JPEG</path>
	<source>
		<database>Unknown</database>
	</source>
	<size>
		<width>1280</width>
		<height>1280</height>
		<depth>3</depth>
	</size>
	<segmented>0</segmented>
	<object>
		<name>triangle</name>
		<pose>Unspecified</pose>
		<truncated>0</truncated>
		<difficult>0</difficult>
		<bndbox>
			<xmin>42</xmin>
			<ymin>575</ymin>
			<xmax>335</xmax>
			<ymax>859</ymax>
		</bndbox>
	</object>
	<object>
		<name>triangle</name>
		<pose>Unspecified</pose>
		<truncated>0</truncated>
		<difficult>0</difficult>
		<bndbox>
			<xmin>435</xmin>
			<ymin>351</ymin>
			<xmax>704</xmax>
			<ymax>636</ymax>
		</bndbox>
	</object>
	<object>
		<name>sqaure</name>
		<pose>Unspecified</pose>
		<truncated>0</truncated>
		<difficult>0</difficult>
		<bndbox>
			<xmin>389</xmin>
			<ymin>729</ymin>
			<xmax>800</xmax>
			<ymax>1142</ymax>
		</bndbox>
	</object>
</annotation>
