<annotation>
	<folder>help</folder>
	<filename>help-26.JPEG</filename>
	<path>/home/pi/Desktop/help/help-26.JPEG</path>
	<source>
		<database>Unknown</database>
	</source>
	<size>
		<width>1280</width>
		<height>1280</height>
		<depth>3</depth>
	</size>
	<segmented>0</segmented>
	<object>
		<name>circle</name>
		<pose>Unspecified</pose>
		<truncated>0</truncated>
		<difficult>0</difficult>
		<bndbox>
			<xmin>800</xmin>
			<ymin>636</ymin>
			<xmax>1102</xmax>
			<ymax>940</ymax>
		</bndbox>
	</object>
	<object>
		<name>triangle</name>
		<pose>Unspecified</pose>
		<truncated>0</truncated>
		<difficult>0</difficult>
		<bndbox>
			<xmin>904</xmin>
			<ymin>231</ymin>
			<xmax>1189</xmax>
			<ymax>525</ymax>
		</bndbox>
	</object>
</annotation>
