<annotation>
	<folder>help</folder>
	<filename>help-5.JPEG</filename>
	<path>/home/pi/Desktop/help/help-5.JPEG</path>
	<source>
		<database>Unknown</database>
	</source>
	<size>
		<width>1280</width>
		<height>1280</height>
		<depth>3</depth>
	</size>
	<segmented>0</segmented>
	<object>
		<name>triangle</name>
		<pose>Unspecified</pose>
		<truncated>0</truncated>
		<difficult>0</difficult>
		<bndbox>
			<xmin>272</xmin>
			<ymin>514</ymin>
			<xmax>502</xmax>
			<ymax>746</ymax>
		</bndbox>
	</object>
	<object>
		<name>square</name>
		<pose>Unspecified</pose>
		<truncated>0</truncated>
		<difficult>0</difficult>
		<bndbox>
			<xmin>546</xmin>
			<ymin>503</ymin>
			<xmax>878</xmax>
			<ymax>836</ymax>
		</bndbox>
	</object>
	<object>
		<name>bar</name>
		<pose>Unspecified</pose>
		<truncated>0</truncated>
		<difficult>0</difficult>
		<bndbox>
			<xmin>848</xmin>
			<ymin>298</ymin>
			<xmax>987</xmax>
			<ymax>533</ymax>
		</bndbox>
	</object>
</annotation>
