<annotation>
	<folder>help</folder>
	<filename>help-84.JPEG</filename>
	<path>/home/pi/Desktop/help/help-84.JPEG</path>
	<source>
		<database>Unknown</database>
	</source>
	<size>
		<width>1280</width>
		<height>1280</height>
		<depth>3</depth>
	</size>
	<segmented>0</segmented>
	<object>
		<name>circle</name>
		<pose>Unspecified</pose>
		<truncated>0</truncated>
		<difficult>0</difficult>
		<bndbox>
			<xmin>542</xmin>
			<ymin>249</ymin>
			<xmax>811</xmax>
			<ymax>522</ymax>
		</bndbox>
	</object>
	<object>
		<name>triangle</name>
		<pose>Unspecified</pose>
		<truncated>0</truncated>
		<difficult>0</difficult>
		<bndbox>
			<xmin>515</xmin>
			<ymin>629</ymin>
			<xmax>774</xmax>
			<ymax>861</ymax>
		</bndbox>
	</object>
</annotation>
