<annotation>
	<folder>help</folder>
	<filename>help-15.JPEG</filename>
	<path>/home/pi/Desktop/help/help-15.JPEG</path>
	<source>
		<database>Unknown</database>
	</source>
	<size>
		<width>1280</width>
		<height>1280</height>
		<depth>3</depth>
	</size>
	<segmented>0</segmented>
	<object>
		<name>bar</name>
		<pose>Unspecified</pose>
		<truncated>0</truncated>
		<difficult>0</difficult>
		<bndbox>
			<xmin>691</xmin>
			<ymin>605</ymin>
			<xmax>818</xmax>
			<ymax>885</ymax>
		</bndbox>
	</object>
	<object>
		<name>square</name>
		<pose>Unspecified</pose>
		<truncated>0</truncated>
		<difficult>0</difficult>
		<bndbox>
			<xmin>363</xmin>
			<ymin>103</ymin>
			<xmax>739</xmax>
			<ymax>477</ymax>
		</bndbox>
	</object>
	<object>
		<name>triangle</name>
		<pose>Unspecified</pose>
		<truncated>0</truncated>
		<difficult>0</difficult>
		<bndbox>
			<xmin>309</xmin>
			<ymin>592</ymin>
			<xmax>572</xmax>
			<ymax>842</ymax>
		</bndbox>
	</object>
</annotation>
