<annotation>
	<folder>help</folder>
	<filename>help-77.JPEG</filename>
	<path>/home/pi/Desktop/help/help-77.JPEG</path>
	<source>
		<database>Unknown</database>
	</source>
	<size>
		<width>1280</width>
		<height>1280</height>
		<depth>3</depth>
	</size>
	<segmented>0</segmented>
	<object>
		<name>circle</name>
		<pose>Unspecified</pose>
		<truncated>0</truncated>
		<difficult>0</difficult>
		<bndbox>
			<xmin>152</xmin>
			<ymin>483</ymin>
			<xmax>431</xmax>
			<ymax>755</ymax>
		</bndbox>
	</object>
	<object>
		<name>triangle</name>
		<pose>Unspecified</pose>
		<truncated>0</truncated>
		<difficult>0</difficult>
		<bndbox>
			<xmin>620</xmin>
			<ymin>312</ymin>
			<xmax>872</xmax>
			<ymax>583</ymax>
		</bndbox>
	</object>
	<object>
		<name>bar</name>
		<pose>Unspecified</pose>
		<truncated>0</truncated>
		<difficult>0</difficult>
		<bndbox>
			<xmin>470</xmin>
			<ymin>790</ymin>
			<xmax>694</xmax>
			<ymax>1044</ymax>
		</bndbox>
	</object>
</annotation>
