<annotation>
	<folder>help</folder>
	<filename>help-48.JPEG</filename>
	<path>/home/pi/Desktop/help/help-48.JPEG</path>
	<source>
		<database>Unknown</database>
	</source>
	<size>
		<width>1280</width>
		<height>1280</height>
		<depth>3</depth>
	</size>
	<segmented>0</segmented>
	<object>
		<name>triangle</name>
		<pose>Unspecified</pose>
		<truncated>0</truncated>
		<difficult>0</difficult>
		<bndbox>
			<xmin>250</xmin>
			<ymin>222</ymin>
			<xmax>546</xmax>
			<ymax>542</ymax>
		</bndbox>
	</object>
	<object>
		<name>square</name>
		<pose>Unspecified</pose>
		<truncated>0</truncated>
		<difficult>0</difficult>
		<bndbox>
			<xmin>265</xmin>
			<ymin>601</ymin>
			<xmax>633</xmax>
			<ymax>970</ymax>
		</bndbox>
	</object>
	<object>
		<name>bar</name>
		<pose>Unspecified</pose>
		<truncated>0</truncated>
		<difficult>0</difficult>
		<bndbox>
			<xmin>687</xmin>
			<ymin>422</ymin>
			<xmax>765</xmax>
			<ymax>748</ymax>
		</bndbox>
	</object>
</annotation>
