<annotation>
	<folder>help</folder>
	<filename>help-46.JPEG</filename>
	<path>/home/pi/Desktop/help/help-46.JPEG</path>
	<source>
		<database>Unknown</database>
	</source>
	<size>
		<width>1280</width>
		<height>1280</height>
		<depth>3</depth>
	</size>
	<segmented>0</segmented>
	<object>
		<name>bar</name>
		<pose>Unspecified</pose>
		<truncated>0</truncated>
		<difficult>0</difficult>
		<bndbox>
			<xmin>755</xmin>
			<ymin>509</ymin>
			<xmax>1029</xmax>
			<ymax>729</ymax>
		</bndbox>
	</object>
	<object>
		<name>circle</name>
		<pose>Unspecified</pose>
		<truncated>0</truncated>
		<difficult>0</difficult>
		<bndbox>
			<xmin>359</xmin>
			<ymin>392</ymin>
			<xmax>648</xmax>
			<ymax>688</ymax>
		</bndbox>
	</object>
	<object>
		<name>triangle</name>
		<pose>Unspecified</pose>
		<truncated>0</truncated>
		<difficult>0</difficult>
		<bndbox>
			<xmin>422</xmin>
			<ymin>812</ymin>
			<xmax>711</xmax>
			<ymax>1079</ymax>
		</bndbox>
	</object>
</annotation>
