<annotation>
	<folder>help</folder>
	<filename>help-109.JPEG</filename>
	<path>/home/pi/Desktop/help/help-109.JPEG</path>
	<source>
		<database>Unknown</database>
	</source>
	<size>
		<width>1280</width>
		<height>1280</height>
		<depth>3</depth>
	</size>
	<segmented>0</segmented>
	<object>
		<name>bar</name>
		<pose>Unspecified</pose>
		<truncated>0</truncated>
		<difficult>0</difficult>
		<bndbox>
			<xmin>189</xmin>
			<ymin>361</ymin>
			<xmax>370</xmax>
			<ymax>701</ymax>
		</bndbox>
	</object>
	<object>
		<name>square</name>
		<pose>Unspecified</pose>
		<truncated>0</truncated>
		<difficult>0</difficult>
		<bndbox>
			<xmin>596</xmin>
			<ymin>311</ymin>
			<xmax>994</xmax>
			<ymax>714</ymax>
		</bndbox>
	</object>
	<object>
		<name>circle</name>
		<pose>Unspecified</pose>
		<truncated>0</truncated>
		<difficult>0</difficult>
		<bndbox>
			<xmin>507</xmin>
			<ymin>898</ymin>
			<xmax>826</xmax>
			<ymax>1205</ymax>
		</bndbox>
	</object>
</annotation>
