<annotation>
	<folder>help</folder>
	<filename>help-78.JPEG</filename>
	<path>/home/pi/Desktop/help/help-78.JPEG</path>
	<source>
		<database>Unknown</database>
	</source>
	<size>
		<width>1280</width>
		<height>1280</height>
		<depth>3</depth>
	</size>
	<segmented>0</segmented>
	<object>
		<name>square</name>
		<pose>Unspecified</pose>
		<truncated>0</truncated>
		<difficult>0</difficult>
		<bndbox>
			<xmin>383</xmin>
			<ymin>85</ymin>
			<xmax>737</xmax>
			<ymax>448</ymax>
		</bndbox>
	</object>
	<object>
		<name>circle</name>
		<pose>Unspecified</pose>
		<truncated>0</truncated>
		<difficult>0</difficult>
		<bndbox>
			<xmin>763</xmin>
			<ymin>483</ymin>
			<xmax>1015</xmax>
			<ymax>740</ymax>
		</bndbox>
	</object>
	<object>
		<name>triangle</name>
		<pose>Unspecified</pose>
		<truncated>0</truncated>
		<difficult>0</difficult>
		<bndbox>
			<xmin>533</xmin>
			<ymin>672</ymin>
			<xmax>765</xmax>
			<ymax>931</ymax>
		</bndbox>
	</object>
</annotation>
