<annotation>
	<folder>help</folder>
	<filename>help-47.JPEG</filename>
	<path>/home/pi/Desktop/help/help-47.JPEG</path>
	<source>
		<database>Unknown</database>
	</source>
	<size>
		<width>1280</width>
		<height>1280</height>
		<depth>3</depth>
	</size>
	<segmented>0</segmented>
	<object>
		<name>triangle</name>
		<pose>Unspecified</pose>
		<truncated>0</truncated>
		<difficult>0</difficult>
		<bndbox>
			<xmin>263</xmin>
			<ymin>857</ymin>
			<xmax>581</xmax>
			<ymax>1155</ymax>
		</bndbox>
	</object>
	<object>
		<name>bar</name>
		<pose>Unspecified</pose>
		<truncated>0</truncated>
		<difficult>0</difficult>
		<bndbox>
			<xmin>635</xmin>
			<ymin>512</ymin>
			<xmax>933</xmax>
			<ymax>768</ymax>
		</bndbox>
	</object>
</annotation>
