<annotation>
	<folder>help</folder>
	<filename>help-34.JPEG</filename>
	<path>/home/pi/Desktop/help/help-34.JPEG</path>
	<source>
		<database>Unknown</database>
	</source>
	<size>
		<width>1280</width>
		<height>1280</height>
		<depth>3</depth>
	</size>
	<segmented>0</segmented>
	<object>
		<name>circle</name>
		<pose>Unspecified</pose>
		<truncated>0</truncated>
		<difficult>0</difficult>
		<bndbox>
			<xmin>168</xmin>
			<ymin>546</ymin>
			<xmax>509</xmax>
			<ymax>873</ymax>
		</bndbox>
	</object>
	<object>
		<name>bar</name>
		<pose>Unspecified</pose>
		<truncated>0</truncated>
		<difficult>0</difficult>
		<bndbox>
			<xmin>567</xmin>
			<ymin>944</ymin>
			<xmax>661</xmax>
			<ymax>1264</ymax>
		</bndbox>
	</object>
	<object>
		<name>bar</name>
		<pose>Unspecified</pose>
		<truncated>0</truncated>
		<difficult>0</difficult>
		<bndbox>
			<xmin>661</xmin>
			<ymin>705</ymin>
			<xmax>965</xmax>
			<ymax>938</ymax>
		</bndbox>
	</object>
</annotation>
