<annotation>
	<folder>help</folder>
	<filename>help-83.JPEG</filename>
	<path>/home/pi/Desktop/help/help-83.JPEG</path>
	<source>
		<database>Unknown</database>
	</source>
	<size>
		<width>1280</width>
		<height>1280</height>
		<depth>3</depth>
	</size>
	<segmented>0</segmented>
	<object>
		<name>bar</name>
		<pose>Unspecified</pose>
		<truncated>0</truncated>
		<difficult>0</difficult>
		<bndbox>
			<xmin>342</xmin>
			<ymin>346</ymin>
			<xmax>661</xmax>
			<ymax>449</ymax>
		</bndbox>
	</object>
	<object>
		<name>circle</name>
		<pose>Unspecified</pose>
		<truncated>0</truncated>
		<difficult>0</difficult>
		<bndbox>
			<xmin>254</xmin>
			<ymin>583</ymin>
			<xmax>576</xmax>
			<ymax>894</ymax>
		</bndbox>
	</object>
</annotation>
