<annotation>
	<folder>help</folder>
	<filename>help-6.JPEG</filename>
	<path>/home/pi/Desktop/help/help-6.JPEG</path>
	<source>
		<database>Unknown</database>
	</source>
	<size>
		<width>1280</width>
		<height>1280</height>
		<depth>3</depth>
	</size>
	<segmented>0</segmented>
	<object>
		<name>square</name>
		<pose>Unspecified</pose>
		<truncated>0</truncated>
		<difficult>0</difficult>
		<bndbox>
			<xmin>268</xmin>
			<ymin>290</ymin>
			<xmax>578</xmax>
			<ymax>599</ymax>
		</bndbox>
	</object>
	<object>
		<name>triangle</name>
		<pose>Unspecified</pose>
		<truncated>0</truncated>
		<difficult>0</difficult>
		<bndbox>
			<xmin>546</xmin>
			<ymin>186</ymin>
			<xmax>750</xmax>
			<ymax>388</ymax>
		</bndbox>
	</object>
	<object>
		<name>bar</name>
		<pose>Unspecified</pose>
		<truncated>0</truncated>
		<difficult>0</difficult>
		<bndbox>
			<xmin>572</xmin>
			<ymin>381</ymin>
			<xmax>696</xmax>
			<ymax>594</ymax>
		</bndbox>
	</object>
</annotation>
