<annotation>
	<folder>help</folder>
	<filename>help-31.JPEG</filename>
	<path>/home/pi/Desktop/help/help-31.JPEG</path>
	<source>
		<database>Unknown</database>
	</source>
	<size>
		<width>1280</width>
		<height>1280</height>
		<depth>3</depth>
	</size>
	<segmented>0</segmented>
	<object>
		<name>square</name>
		<pose>Unspecified</pose>
		<truncated>0</truncated>
		<difficult>0</difficult>
		<bndbox>
			<xmin>348</xmin>
			<ymin>140</ymin>
			<xmax>642</xmax>
			<ymax>440</ymax>
		</bndbox>
	</object>
	<object>
		<name>bar</name>
		<pose>Unspecified</pose>
		<truncated>0</truncated>
		<difficult>0</difficult>
		<bndbox>
			<xmin>609</xmin>
			<ymin>646</ymin>
			<xmax>874</xmax>
			<ymax>761</ymax>
		</bndbox>
	</object>
	<object>
		<name>bar</name>
		<pose>Unspecified</pose>
		<truncated>0</truncated>
		<difficult>0</difficult>
		<bndbox>
			<xmin>600</xmin>
			<ymin>846</ymin>
			<xmax>752</xmax>
			<ymax>1107</ymax>
		</bndbox>
	</object>
</annotation>
