<annotation>
	<folder>help</folder>
	<filename>help-70.JPEG</filename>
	<path>/home/pi/Desktop/help/help-70.JPEG</path>
	<source>
		<database>Unknown</database>
	</source>
	<size>
		<width>1280</width>
		<height>1280</height>
		<depth>3</depth>
	</size>
	<segmented>0</segmented>
	<object>
		<name>square</name>
		<pose>Unspecified</pose>
		<truncated>0</truncated>
		<difficult>0</difficult>
		<bndbox>
			<xmin>611</xmin>
			<ymin>305</ymin>
			<xmax>898</xmax>
			<ymax>583</ymax>
		</bndbox>
	</object>
	<object>
		<name>square</name>
		<pose>Unspecified</pose>
		<truncated>0</truncated>
		<difficult>0</difficult>
		<bndbox>
			<xmin>363</xmin>
			<ymin>672</ymin>
			<xmax>691</xmax>
			<ymax>1003</ymax>
		</bndbox>
	</object>
	<object>
		<name>circle</name>
		<pose>Unspecified</pose>
		<truncated>0</truncated>
		<difficult>0</difficult>
		<bndbox>
			<xmin>757</xmin>
			<ymin>635</ymin>
			<xmax>991</xmax>
			<ymax>868</ymax>
		</bndbox>
	</object>
</annotation>
