<annotation>
	<folder>help</folder>
	<filename>help-79.JPEG</filename>
	<path>/home/pi/Desktop/help/help-79.JPEG</path>
	<source>
		<database>Unknown</database>
	</source>
	<size>
		<width>1280</width>
		<height>1280</height>
		<depth>3</depth>
	</size>
	<segmented>0</segmented>
	<object>
		<name>square</name>
		<pose>Unspecified</pose>
		<truncated>0</truncated>
		<difficult>0</difficult>
		<bndbox>
			<xmin>287</xmin>
			<ymin>392</ymin>
			<xmax>594</xmax>
			<ymax>696</ymax>
		</bndbox>
	</object>
	<object>
		<name>square</name>
		<pose>Unspecified</pose>
		<truncated>0</truncated>
		<difficult>0</difficult>
		<bndbox>
			<xmin>437</xmin>
			<ymin>872</ymin>
			<xmax>735</xmax>
			<ymax>1179</ymax>
		</bndbox>
	</object>
	<object>
		<name>triangle</name>
		<pose>Unspecified</pose>
		<truncated>0</truncated>
		<difficult>0</difficult>
		<bndbox>
			<xmin>654</xmin>
			<ymin>364</ymin>
			<xmax>929</xmax>
			<ymax>620</ymax>
		</bndbox>
	</object>
</annotation>
