<annotation>
	<folder>help</folder>
	<filename>help-10.JPEG</filename>
	<path>/home/pi/Desktop/help/help-10.JPEG</path>
	<source>
		<database>Unknown</database>
	</source>
	<size>
		<width>1280</width>
		<height>1280</height>
		<depth>3</depth>
	</size>
	<segmented>0</segmented>
	<object>
		<name>square</name>
		<pose>Unspecified</pose>
		<truncated>0</truncated>
		<difficult>0</difficult>
		<bndbox>
			<xmin>448</xmin>
			<ymin>111</ymin>
			<xmax>855</xmax>
			<ymax>507</ymax>
		</bndbox>
	</object>
	<object>
		<name>circle</name>
		<pose>Unspecified</pose>
		<truncated>0</truncated>
		<difficult>0</difficult>
		<bndbox>
			<xmin>613</xmin>
			<ymin>672</ymin>
			<xmax>926</xmax>
			<ymax>985</ymax>
		</bndbox>
	</object>
</annotation>
