<annotation>
	<folder>help</folder>
	<filename>help-82.JPEG</filename>
	<path>/home/pi/Desktop/help/help-82.JPEG</path>
	<source>
		<database>Unknown</database>
	</source>
	<size>
		<width>1280</width>
		<height>1280</height>
		<depth>3</depth>
	</size>
	<segmented>0</segmented>
	<object>
		<name>circle</name>
		<pose>Unspecified</pose>
		<truncated>0</truncated>
		<difficult>0</difficult>
		<bndbox>
			<xmin>546</xmin>
			<ymin>409</ymin>
			<xmax>794</xmax>
			<ymax>661</ymax>
		</bndbox>
	</object>
	<object>
		<name>square</name>
		<pose>Unspecified</pose>
		<truncated>0</truncated>
		<difficult>0</difficult>
		<bndbox>
			<xmin>848</xmin>
			<ymin>355</ymin>
			<xmax>1154</xmax>
			<ymax>666</ymax>
		</bndbox>
	</object>
	<object>
		<name>square</name>
		<pose>Unspecified</pose>
		<truncated>0</truncated>
		<difficult>0</difficult>
		<bndbox>
			<xmin>639</xmin>
			<ymin>803</ymin>
			<xmax>896</xmax>
			<ymax>1061</ymax>
		</bndbox>
	</object>
</annotation>
