<annotation>
	<folder>help</folder>
	<filename>help-7.JPEG</filename>
	<path>/home/pi/Desktop/help/help-7.JPEG</path>
	<source>
		<database>Unknown</database>
	</source>
	<size>
		<width>1280</width>
		<height>1280</height>
		<depth>3</depth>
	</size>
	<segmented>0</segmented>
	<object>
		<name>square</name>
		<pose>Unspecified</pose>
		<truncated>0</truncated>
		<difficult>0</difficult>
		<bndbox>
			<xmin>100</xmin>
			<ymin>198</ymin>
			<xmax>559</xmax>
			<ymax>648</ymax>
		</bndbox>
	</object>
	<object>
		<name>bar</name>
		<pose>Unspecified</pose>
		<truncated>0</truncated>
		<difficult>0</difficult>
		<bndbox>
			<xmin>889</xmin>
			<ymin>327</ymin>
			<xmax>970</xmax>
			<ymax>653</ymax>
		</bndbox>
	</object>
	<object>
		<name>circle</name>
		<pose>Unspecified</pose>
		<truncated>0</truncated>
		<difficult>0</difficult>
		<bndbox>
			<xmin>413</xmin>
			<ymin>666</ymin>
			<xmax>744</xmax>
			<ymax>994</ymax>
		</bndbox>
	</object>
</annotation>
