<annotation>
	<folder>help</folder>
	<filename>help-111.JPEG</filename>
	<path>/home/pi/Desktop/help/help-111.JPEG</path>
	<source>
		<database>Unknown</database>
	</source>
	<size>
		<width>1280</width>
		<height>1280</height>
		<depth>3</depth>
	</size>
	<segmented>0</segmented>
	<object>
		<name>bar</name>
		<pose>Unspecified</pose>
		<truncated>0</truncated>
		<difficult>0</difficult>
		<bndbox>
			<xmin>213</xmin>
			<ymin>351</ymin>
			<xmax>415</xmax>
			<ymax>661</ymax>
		</bndbox>
	</object>
	<object>
		<name>bar</name>
		<pose>Unspecified</pose>
		<truncated>0</truncated>
		<difficult>0</difficult>
		<bndbox>
			<xmin>692</xmin>
			<ymin>812</ymin>
			<xmax>894</xmax>
			<ymax>1107</ymax>
		</bndbox>
	</object>
	<object>
		<name>square</name>
		<pose>Unspecified</pose>
		<truncated>0</truncated>
		<difficult>0</difficult>
		<bndbox>
			<xmin>594</xmin>
			<ymin>203</ymin>
			<xmax>1011</xmax>
			<ymax>625</ymax>
		</bndbox>
	</object>
	<object>
		<name>triangle</name>
		<pose>Unspecified</pose>
		<truncated>0</truncated>
		<difficult>0</difficult>
		<bndbox>
			<xmin>252</xmin>
			<ymin>720</ymin>
			<xmax>529</xmax>
			<ymax>994</ymax>
		</bndbox>
	</object>
</annotation>
