<annotation>
	<folder>help</folder>
	<filename>help-54.JPEG</filename>
	<path>/home/pi/Desktop/help/help-54.JPEG</path>
	<source>
		<database>Unknown</database>
	</source>
	<size>
		<width>1280</width>
		<height>1280</height>
		<depth>3</depth>
	</size>
	<segmented>0</segmented>
	<object>
		<name>circle</name>
		<pose>Unspecified</pose>
		<truncated>0</truncated>
		<difficult>0</difficult>
		<bndbox>
			<xmin>178</xmin>
			<ymin>290</ymin>
			<xmax>555</xmax>
			<ymax>659</ymax>
		</bndbox>
	</object>
	<object>
		<name>triangle</name>
		<pose>Unspecified</pose>
		<truncated>0</truncated>
		<difficult>0</difficult>
		<bndbox>
			<xmin>781</xmin>
			<ymin>603</ymin>
			<xmax>1154</xmax>
			<ymax>962</ymax>
		</bndbox>
	</object>
	<object>
		<name>triangle</name>
		<pose>Unspecified</pose>
		<truncated>0</truncated>
		<difficult>0</difficult>
		<bndbox>
			<xmin>774</xmin>
			<ymin>18</ymin>
			<xmax>1111</xmax>
			<ymax>368</ymax>
		</bndbox>
	</object>
</annotation>
