<annotation>
	<folder>help</folder>
	<filename>help-9.JPEG</filename>
	<path>/home/pi/Desktop/help/help-9.JPEG</path>
	<source>
		<database>Unknown</database>
	</source>
	<size>
		<width>1280</width>
		<height>1280</height>
		<depth>3</depth>
	</size>
	<segmented>0</segmented>
	<object>
		<name>square</name>
		<pose>Unspecified</pose>
		<truncated>0</truncated>
		<difficult>0</difficult>
		<bndbox>
			<xmin>257</xmin>
			<ymin>70</ymin>
			<xmax>631</xmax>
			<ymax>448</ymax>
		</bndbox>
	</object>
	<object>
		<name>triangle</name>
		<pose>Unspecified</pose>
		<truncated>0</truncated>
		<difficult>0</difficult>
		<bndbox>
			<xmin>385</xmin>
			<ymin>523</ymin>
			<xmax>646</xmax>
			<ymax>794</ymax>
		</bndbox>
	</object>
	<object>
		<name>bar</name>
		<pose>Unspecified</pose>
		<truncated>0</truncated>
		<difficult>0</difficult>
		<bndbox>
			<xmin>729</xmin>
			<ymin>453</ymin>
			<xmax>959</xmax>
			<ymax>692</ymax>
		</bndbox>
	</object>
</annotation>
