<annotation>
	<folder>help</folder>
	<filename>help-14.JPEG</filename>
	<path>/home/pi/Desktop/help/help-14.JPEG</path>
	<source>
		<database>Unknown</database>
	</source>
	<size>
		<width>1280</width>
		<height>1280</height>
		<depth>3</depth>
	</size>
	<segmented>0</segmented>
	<object>
		<name>square</name>
		<pose>Unspecified</pose>
		<truncated>0</truncated>
		<difficult>0</difficult>
		<bndbox>
			<xmin>415</xmin>
			<ymin>94</ymin>
			<xmax>865</xmax>
			<ymax>546</ymax>
		</bndbox>
	</object>
	<object>
		<name>circle</name>
		<pose>Unspecified</pose>
		<truncated>0</truncated>
		<difficult>0</difficult>
		<bndbox>
			<xmin>226</xmin>
			<ymin>573</ymin>
			<xmax>550</xmax>
			<ymax>899</ymax>
		</bndbox>
	</object>
	<object>
		<name>bar</name>
		<pose>Unspecified</pose>
		<truncated>0</truncated>
		<difficult>0</difficult>
		<bndbox>
			<xmin>692</xmin>
			<ymin>794</ymin>
			<xmax>1018</xmax>
			<ymax>999</ymax>
		</bndbox>
	</object>
</annotation>
