<annotation>
	<folder>help</folder>
	<filename>help-71.JPEG</filename>
	<path>/home/pi/Desktop/help/help-71.JPEG</path>
	<source>
		<database>Unknown</database>
	</source>
	<size>
		<width>1280</width>
		<height>1280</height>
		<depth>3</depth>
	</size>
	<segmented>0</segmented>
	<object>
		<name>square</name>
		<pose>Unspecified</pose>
		<truncated>0</truncated>
		<difficult>0</difficult>
		<bndbox>
			<xmin>102</xmin>
			<ymin>398</ymin>
			<xmax>513</xmax>
			<ymax>812</ymax>
		</bndbox>
	</object>
	<object>
		<name>triangle</name>
		<pose>Unspecified</pose>
		<truncated>0</truncated>
		<difficult>0</difficult>
		<bndbox>
			<xmin>789</xmin>
			<ymin>655</ymin>
			<xmax>1096</xmax>
			<ymax>949</ymax>
		</bndbox>
	</object>
</annotation>
