<annotation>
	<folder>help</folder>
	<filename>help-20.JPEG</filename>
	<path>/home/pi/Desktop/help/help-20.JPEG</path>
	<source>
		<database>Unknown</database>
	</source>
	<size>
		<width>1280</width>
		<height>1280</height>
		<depth>3</depth>
	</size>
	<segmented>0</segmented>
	<object>
		<name>triangle</name>
		<pose>Unspecified</pose>
		<truncated>0</truncated>
		<difficult>0</difficult>
		<bndbox>
			<xmin>231</xmin>
			<ymin>746</ymin>
			<xmax>422</xmax>
			<ymax>942</ymax>
		</bndbox>
	</object>
	<object>
		<name>triangle</name>
		<pose>Unspecified</pose>
		<truncated>0</truncated>
		<difficult>0</difficult>
		<bndbox>
			<xmin>507</xmin>
			<ymin>707</ymin>
			<xmax>685</xmax>
			<ymax>909</ymax>
		</bndbox>
	</object>
	<object>
		<name>square</name>
		<pose>Unspecified</pose>
		<truncated>0</truncated>
		<difficult>0</difficult>
		<bndbox>
			<xmin>341</xmin>
			<ymin>451</ymin>
			<xmax>628</xmax>
			<ymax>738</ymax>
		</bndbox>
	</object>
</annotation>
