<annotation>
	<folder>img herman</folder>
	<filename>herman - 4.png</filename>
	<path>/home/pi/Desktop/img herman/herman - 4.png</path>
	<source>
		<database>Unknown</database>
	</source>
	<size>
		<width>1280</width>
		<height>1280</height>
		<depth>3</depth>
	</size>
	<segmented>0</segmented>
	<object>
		<name>circle</name>
		<pose>Unspecified</pose>
		<truncated>0</truncated>
		<difficult>0</difficult>
		<bndbox>
			<xmin>631</xmin>
			<ymin>631</ymin>
			<xmax>836</xmax>
			<ymax>837</ymax>
		</bndbox>
	</object>
	<object>
		<name>triangle</name>
		<pose>Unspecified</pose>
		<truncated>0</truncated>
		<difficult>0</difficult>
		<bndbox>
			<xmin>294</xmin>
			<ymin>512</ymin>
			<xmax>472</xmax>
			<ymax>712</ymax>
		</bndbox>
	</object>
	<object>
		<name>square</name>
		<pose>Unspecified</pose>
		<truncated>0</truncated>
		<difficult>0</difficult>
		<bndbox>
			<xmin>265</xmin>
			<ymin>831</ymin>
			<xmax>535</xmax>
			<ymax>1109</ymax>
		</bndbox>
	</object>
</annotation>
