<annotation>
	<folder>img herman</folder>
	<filename>herman-15.JPEG</filename>
	<path>/home/pi/Desktop/img herman/herman-15.JPEG</path>
	<source>
		<database>Unknown</database>
	</source>
	<size>
		<width>1280</width>
		<height>1280</height>
		<depth>3</depth>
	</size>
	<segmented>0</segmented>
	<object>
		<name>square</name>
		<pose>Unspecified</pose>
		<truncated>0</truncated>
		<difficult>0</difficult>
		<bndbox>
			<xmin>781</xmin>
			<ymin>607</ymin>
			<xmax>1018</xmax>
			<ymax>840</ymax>
		</bndbox>
	</object>
	<object>
		<name>circle</name>
		<pose>Unspecified</pose>
		<truncated>0</truncated>
		<difficult>0</difficult>
		<bndbox>
			<xmin>526</xmin>
			<ymin>764</ymin>
			<xmax>713</xmax>
			<ymax>949</ymax>
		</bndbox>
	</object>
	<object>
		<name>circle</name>
		<pose>Unspecified</pose>
		<truncated>0</truncated>
		<difficult>0</difficult>
		<bndbox>
			<xmin>742</xmin>
			<ymin>914</ymin>
			<xmax>929</xmax>
			<ymax>1109</ymax>
		</bndbox>
	</object>
</annotation>
