<annotation>
	<folder>img herman</folder>
	<filename>herman-26.JPEG</filename>
	<path>/home/pi/Desktop/img herman/herman-26.JPEG</path>
	<source>
		<database>Unknown</database>
	</source>
	<size>
		<width>1280</width>
		<height>1280</height>
		<depth>3</depth>
	</size>
	<segmented>0</segmented>
	<object>
		<name>bar</name>
		<pose>Unspecified</pose>
		<truncated>0</truncated>
		<difficult>0</difficult>
		<bndbox>
			<xmin>754</xmin>
			<ymin>555</ymin>
			<xmax>818</xmax>
			<ymax>748</ymax>
		</bndbox>
	</object>
	<object>
		<name>circle</name>
		<pose>Unspecified</pose>
		<truncated>0</truncated>
		<difficult>0</difficult>
		<bndbox>
			<xmin>468</xmin>
			<ymin>762</ymin>
			<xmax>652</xmax>
			<ymax>951</ymax>
		</bndbox>
	</object>
	<object>
		<name>triangle</name>
		<pose>Unspecified</pose>
		<truncated>0</truncated>
		<difficult>0</difficult>
		<bndbox>
			<xmin>287</xmin>
			<ymin>944</ymin>
			<xmax>472</xmax>
			<ymax>1109</ymax>
		</bndbox>
	</object>
</annotation>
