<annotation>
	<folder>img herman</folder>
	<filename>herman-46.JPEG</filename>
	<path>/home/pi/Desktop/img herman/herman-46.JPEG</path>
	<source>
		<database>Unknown</database>
	</source>
	<size>
		<width>1280</width>
		<height>1280</height>
		<depth>3</depth>
	</size>
	<segmented>0</segmented>
	<object>
		<name>triangle</name>
		<pose>Unspecified</pose>
		<truncated>0</truncated>
		<difficult>0</difficult>
		<bndbox>
			<xmin>496</xmin>
			<ymin>601</ymin>
			<xmax>678</xmax>
			<ymax>801</ymax>
		</bndbox>
	</object>
	<object>
		<name>triangle</name>
		<pose>Unspecified</pose>
		<truncated>1</truncated>
		<difficult>0</difficult>
		<bndbox>
			<xmin>141</xmin>
			<ymin>1081</ymin>
			<xmax>346</xmax>
			<ymax>1280</ymax>
		</bndbox>
	</object>
	<object>
		<name>bar</name>
		<pose>Unspecified</pose>
		<truncated>0</truncated>
		<difficult>0</difficult>
		<bndbox>
			<xmin>233</xmin>
			<ymin>622</ymin>
			<xmax>348</xmax>
			<ymax>840</ymax>
		</bndbox>
	</object>
</annotation>
