<annotation>
	<folder>img herman</folder>
	<filename>herman-123.JPEG</filename>
	<path>/home/pi/Desktop/img herman/herman-123.JPEG</path>
	<source>
		<database>Unknown</database>
	</source>
	<size>
		<width>1280</width>
		<height>1280</height>
		<depth>3</depth>
	</size>
	<segmented>0</segmented>
	<object>
		<name>triangle</name>
		<pose>Unspecified</pose>
		<truncated>0</truncated>
		<difficult>0</difficult>
		<bndbox>
			<xmin>515</xmin>
			<ymin>642</ymin>
			<xmax>711</xmax>
			<ymax>836</ymax>
		</bndbox>
	</object>
	<object>
		<name>square</name>
		<pose>Unspecified</pose>
		<truncated>0</truncated>
		<difficult>0</difficult>
		<bndbox>
			<xmin>798</xmin>
			<ymin>470</ymin>
			<xmax>1094</xmax>
			<ymax>764</ymax>
		</bndbox>
	</object>
	<object>
		<name>bar</name>
		<pose>Unspecified</pose>
		<truncated>0</truncated>
		<difficult>0</difficult>
		<bndbox>
			<xmin>772</xmin>
			<ymin>894</ymin>
			<xmax>922</xmax>
			<ymax>1092</ymax>
		</bndbox>
	</object>
</annotation>
