<annotation>
	<folder>img herman</folder>
	<filename>herman - 32.png</filename>
	<path>/home/pi/Desktop/img herman/herman - 32.png</path>
	<source>
		<database>Unknown</database>
	</source>
	<size>
		<width>1280</width>
		<height>1280</height>
		<depth>3</depth>
	</size>
	<segmented>0</segmented>
	<object>
		<name>square</name>
		<pose>Unspecified</pose>
		<truncated>0</truncated>
		<difficult>0</difficult>
		<bndbox>
			<xmin>779</xmin>
			<ymin>366</ymin>
			<xmax>1055</xmax>
			<ymax>631</ymax>
		</bndbox>
	</object>
	<object>
		<name>bar</name>
		<pose>Unspecified</pose>
		<truncated>0</truncated>
		<difficult>0</difficult>
		<bndbox>
			<xmin>902</xmin>
			<ymin>579</ymin>
			<xmax>1087</xmax>
			<ymax>742</ymax>
		</bndbox>
	</object>
	<object>
		<name>circle</name>
		<pose>Unspecified</pose>
		<truncated>0</truncated>
		<difficult>0</difficult>
		<bndbox>
			<xmin>568</xmin>
			<ymin>548</ymin>
			<xmax>770</xmax>
			<ymax>746</ymax>
		</bndbox>
	</object>
</annotation>
