<annotation>
	<folder>img herman</folder>
	<filename>herman - 2.png</filename>
	<path>/home/pi/Desktop/img herman/herman - 2.png</path>
	<source>
		<database>Unknown</database>
	</source>
	<size>
		<width>1280</width>
		<height>1280</height>
		<depth>3</depth>
	</size>
	<segmented>0</segmented>
	<object>
		<name>triangle</name>
		<pose>Unspecified</pose>
		<truncated>0</truncated>
		<difficult>0</difficult>
		<bndbox>
			<xmin>637</xmin>
			<ymin>938</ymin>
			<xmax>859</xmax>
			<ymax>1148</ymax>
		</bndbox>
	</object>
	<object>
		<name>bar</name>
		<pose>Unspecified</pose>
		<truncated>0</truncated>
		<difficult>0</difficult>
		<bndbox>
			<xmin>898</xmin>
			<ymin>470</ymin>
			<xmax>1000</xmax>
			<ymax>692</ymax>
		</bndbox>
	</object>
	<object>
		<name>square</name>
		<pose>Unspecified</pose>
		<truncated>0</truncated>
		<difficult>0</difficult>
		<bndbox>
			<xmin>265</xmin>
			<ymin>581</ymin>
			<xmax>579</xmax>
			<ymax>886</ymax>
		</bndbox>
	</object>
</annotation>
