<annotation>
	<folder>img herman</folder>
	<filename>herman - 56.png</filename>
	<path>/home/pi/Desktop/img herman/herman - 56.png</path>
	<source>
		<database>Unknown</database>
	</source>
	<size>
		<width>1280</width>
		<height>1280</height>
		<depth>3</depth>
	</size>
	<segmented>0</segmented>
	<object>
		<name>square</name>
		<pose>Unspecified</pose>
		<truncated>0</truncated>
		<difficult>0</difficult>
		<bndbox>
			<xmin>285</xmin>
			<ymin>403</ymin>
			<xmax>544</xmax>
			<ymax>661</ymax>
		</bndbox>
	</object>
	<object>
		<name>circle</name>
		<pose>Unspecified</pose>
		<truncated>0</truncated>
		<difficult>0</difficult>
		<bndbox>
			<xmin>165</xmin>
			<ymin>692</ymin>
			<xmax>376</xmax>
			<ymax>899</ymax>
		</bndbox>
	</object>
	<object>
		<name>triangle</name>
		<pose>Unspecified</pose>
		<truncated>0</truncated>
		<difficult>0</difficult>
		<bndbox>
			<xmin>561</xmin>
			<ymin>1053</ymin>
			<xmax>752</xmax>
			<ymax>1257</ymax>
		</bndbox>
	</object>
</annotation>
