<annotation>
	<folder>img herman</folder>
	<filename>herman-124.JPEG</filename>
	<path>/home/pi/Desktop/img herman/herman-124.JPEG</path>
	<source>
		<database>Unknown</database>
	</source>
	<size>
		<width>1280</width>
		<height>1280</height>
		<depth>3</depth>
	</size>
	<segmented>0</segmented>
	<object>
		<name>triangle</name>
		<pose>Unspecified</pose>
		<truncated>0</truncated>
		<difficult>0</difficult>
		<bndbox>
			<xmin>102</xmin>
			<ymin>461</ymin>
			<xmax>342</xmax>
			<ymax>709</ymax>
		</bndbox>
	</object>
	<object>
		<name>circle</name>
		<pose>Unspecified</pose>
		<truncated>0</truncated>
		<difficult>0</difficult>
		<bndbox>
			<xmin>542</xmin>
			<ymin>583</ymin>
			<xmax>798</xmax>
			<ymax>842</ymax>
		</bndbox>
	</object>
	<object>
		<name>square</name>
		<pose>Unspecified</pose>
		<truncated>0</truncated>
		<difficult>0</difficult>
		<bndbox>
			<xmin>878</xmin>
			<ymin>586</ymin>
			<xmax>1141</xmax>
			<ymax>859</ymax>
		</bndbox>
	</object>
</annotation>
