<annotation>
	<folder>img herman</folder>
	<filename>herman - 85.png</filename>
	<path>/home/pi/Desktop/img herman/herman - 85.png</path>
	<source>
		<database>Unknown</database>
	</source>
	<size>
		<width>1280</width>
		<height>1280</height>
		<depth>3</depth>
	</size>
	<segmented>0</segmented>
	<object>
		<name>square</name>
		<pose>Unspecified</pose>
		<truncated>0</truncated>
		<difficult>0</difficult>
		<bndbox>
			<xmin>441</xmin>
			<ymin>673</ymin>
			<xmax>809</xmax>
			<ymax>1048</ymax>
		</bndbox>
	</object>
	<object>
		<name>bar</name>
		<pose>Unspecified</pose>
		<truncated>0</truncated>
		<difficult>0</difficult>
		<bndbox>
			<xmin>833</xmin>
			<ymin>681</ymin>
			<xmax>1129</xmax>
			<ymax>770</ymax>
		</bndbox>
	</object>
</annotation>
