<annotation>
	<folder>img herman</folder>
	<filename>herman-168.JPEG</filename>
	<path>/home/pi/Desktop/img herman/herman-168.JPEG</path>
	<source>
		<database>Unknown</database>
	</source>
	<size>
		<width>1280</width>
		<height>1280</height>
		<depth>3</depth>
	</size>
	<segmented>0</segmented>
	<object>
		<name>circle</name>
		<pose>Unspecified</pose>
		<truncated>0</truncated>
		<difficult>0</difficult>
		<bndbox>
			<xmin>305</xmin>
			<ymin>755</ymin>
			<xmax>555</xmax>
			<ymax>1003</ymax>
		</bndbox>
	</object>
	<object>
		<name>bar</name>
		<pose>Unspecified</pose>
		<truncated>0</truncated>
		<difficult>0</difficult>
		<bndbox>
			<xmin>833</xmin>
			<ymin>353</ymin>
			<xmax>913</xmax>
			<ymax>611</ymax>
		</bndbox>
	</object>
</annotation>
