<annotation>
	<folder>img herman</folder>
	<filename>herman - 184.png</filename>
	<path>/home/pi/Desktop/img herman/herman - 184.png</path>
	<source>
		<database>Unknown</database>
	</source>
	<size>
		<width>1280</width>
		<height>1280</height>
		<depth>3</depth>
	</size>
	<segmented>0</segmented>
	<object>
		<name>square</name>
		<pose>Unspecified</pose>
		<truncated>0</truncated>
		<difficult>0</difficult>
		<bndbox>
			<xmin>315</xmin>
			<ymin>285</ymin>
			<xmax>520</xmax>
			<ymax>490</ymax>
		</bndbox>
	</object>
	<object>
		<name>square</name>
		<pose>Unspecified</pose>
		<truncated>0</truncated>
		<difficult>0</difficult>
		<bndbox>
			<xmin>555</xmin>
			<ymin>523</ymin>
			<xmax>822</xmax>
			<ymax>788</ymax>
		</bndbox>
	</object>
	<object>
		<name>bar</name>
		<pose>Unspecified</pose>
		<truncated>0</truncated>
		<difficult>0</difficult>
		<bndbox>
			<xmin>548</xmin>
			<ymin>840</ymin>
			<xmax>746</xmax>
			<ymax>923</ymax>
		</bndbox>
	</object>
</annotation>
