<annotation>
	<folder>img herman</folder>
	<filename>herman-93.JPEG</filename>
	<path>/home/pi/Desktop/img herman/herman-93.JPEG</path>
	<source>
		<database>Unknown</database>
	</source>
	<size>
		<width>1280</width>
		<height>1280</height>
		<depth>3</depth>
	</size>
	<segmented>0</segmented>
	<object>
		<name>square</name>
		<pose>Unspecified</pose>
		<truncated>0</truncated>
		<difficult>0</difficult>
		<bndbox>
			<xmin>824</xmin>
			<ymin>540</ymin>
			<xmax>1189</xmax>
			<ymax>899</ymax>
		</bndbox>
	</object>
</annotation>
