<annotation>
	<folder>img herman</folder>
	<filename>herman-71.JPEG</filename>
	<path>/home/pi/Desktop/img herman/herman-71.JPEG</path>
	<source>
		<database>Unknown</database>
	</source>
	<size>
		<width>1280</width>
		<height>1280</height>
		<depth>3</depth>
	</size>
	<segmented>0</segmented>
	<object>
		<name>square</name>
		<pose>Unspecified</pose>
		<truncated>0</truncated>
		<difficult>0</difficult>
		<bndbox>
			<xmin>226</xmin>
			<ymin>488</ymin>
			<xmax>450</xmax>
			<ymax>703</ymax>
		</bndbox>
	</object>
	<object>
		<name>square</name>
		<pose>Unspecified</pose>
		<truncated>0</truncated>
		<difficult>0</difficult>
		<bndbox>
			<xmin>461</xmin>
			<ymin>777</ymin>
			<xmax>722</xmax>
			<ymax>1038</ymax>
		</bndbox>
	</object>
</annotation>
