<annotation>
	<folder>img herman</folder>
	<filename>herman - 95.png</filename>
	<path>/home/pi/Desktop/img herman/herman - 95.png</path>
	<source>
		<database>Unknown</database>
	</source>
	<size>
		<width>1280</width>
		<height>1280</height>
		<depth>3</depth>
	</size>
	<segmented>0</segmented>
	<object>
		<name>triangle</name>
		<pose>Unspecified</pose>
		<truncated>0</truncated>
		<difficult>0</difficult>
		<bndbox>
			<xmin>648</xmin>
			<ymin>101</ymin>
			<xmax>878</xmax>
			<ymax>355</ymax>
		</bndbox>
	</object>
	<object>
		<name>square</name>
		<pose>Unspecified</pose>
		<truncated>0</truncated>
		<difficult>0</difficult>
		<bndbox>
			<xmin>852</xmin>
			<ymin>385</ymin>
			<xmax>1167</xmax>
			<ymax>692</ymax>
		</bndbox>
	</object>
</annotation>
