<annotation>
	<folder>img herman</folder>
	<filename>herman-107.JPEG</filename>
	<path>/home/pi/Desktop/img herman/herman-107.JPEG</path>
	<source>
		<database>Unknown</database>
	</source>
	<size>
		<width>1280</width>
		<height>1280</height>
		<depth>3</depth>
	</size>
	<segmented>0</segmented>
	<object>
		<name>bar</name>
		<pose>Unspecified</pose>
		<truncated>0</truncated>
		<difficult>0</difficult>
		<bndbox>
			<xmin>544</xmin>
			<ymin>492</ymin>
			<xmax>667</xmax>
			<ymax>766</ymax>
		</bndbox>
	</object>
	<object>
		<name>circle</name>
		<pose>Unspecified</pose>
		<truncated>0</truncated>
		<difficult>0</difficult>
		<bndbox>
			<xmin>685</xmin>
			<ymin>936</ymin>
			<xmax>961</xmax>
			<ymax>1220</ymax>
		</bndbox>
	</object>
	<object>
		<name>triangle</name>
		<pose>Unspecified</pose>
		<truncated>0</truncated>
		<difficult>0</difficult>
		<bndbox>
			<xmin>715</xmin>
			<ymin>375</ymin>
			<xmax>978</xmax>
			<ymax>636</ymax>
		</bndbox>
	</object>
</annotation>
