<annotation>
	<folder>img herman</folder>
	<filename>herman-138.JPEG</filename>
	<path>/home/pi/Desktop/img herman/herman-138.JPEG</path>
	<source>
		<database>Unknown</database>
	</source>
	<size>
		<width>1280</width>
		<height>1280</height>
		<depth>3</depth>
	</size>
	<segmented>0</segmented>
	<object>
		<name>square</name>
		<pose>Unspecified</pose>
		<truncated>0</truncated>
		<difficult>0</difficult>
		<bndbox>
			<xmin>576</xmin>
			<ymin>662</ymin>
			<xmax>924</xmax>
			<ymax>1011</ymax>
		</bndbox>
	</object>
	<object>
		<name>circle</name>
		<pose>Unspecified</pose>
		<truncated>0</truncated>
		<difficult>0</difficult>
		<bndbox>
			<xmin>798</xmin>
			<ymin>344</ymin>
			<xmax>1042</xmax>
			<ymax>586</ymax>
		</bndbox>
	</object>
</annotation>
