<annotation>
	<folder>img herman</folder>
	<filename>herman-94.JPEG</filename>
	<path>/home/pi/Desktop/img herman/herman-94.JPEG</path>
	<source>
		<database>Unknown</database>
	</source>
	<size>
		<width>1280</width>
		<height>1280</height>
		<depth>3</depth>
	</size>
	<segmented>0</segmented>
	<object>
		<name>square</name>
		<pose>Unspecified</pose>
		<truncated>0</truncated>
		<difficult>0</difficult>
		<bndbox>
			<xmin>446</xmin>
			<ymin>968</ymin>
			<xmax>748</xmax>
			<ymax>1279</ymax>
		</bndbox>
	</object>
	<object>
		<name>square</name>
		<pose>Unspecified</pose>
		<truncated>0</truncated>
		<difficult>0</difficult>
		<bndbox>
			<xmin>824</xmin>
			<ymin>523</ymin>
			<xmax>1189</xmax>
			<ymax>879</ymax>
		</bndbox>
	</object>
</annotation>
