<annotation>
	<folder>img herman</folder>
	<filename>herman - 36.png</filename>
	<path>/home/pi/Desktop/img herman/herman - 36.png</path>
	<source>
		<database>Unknown</database>
	</source>
	<size>
		<width>1280</width>
		<height>1280</height>
		<depth>3</depth>
	</size>
	<segmented>0</segmented>
	<object>
		<name>circle</name>
		<pose>Unspecified</pose>
		<truncated>0</truncated>
		<difficult>0</difficult>
		<bndbox>
			<xmin>411</xmin>
			<ymin>661</ymin>
			<xmax>617</xmax>
			<ymax>866</ymax>
		</bndbox>
	</object>
	<object>
		<name>triangle</name>
		<pose>Unspecified</pose>
		<truncated>0</truncated>
		<difficult>0</difficult>
		<bndbox>
			<xmin>639</xmin>
			<ymin>557</ymin>
			<xmax>824</xmax>
			<ymax>742</ymax>
		</bndbox>
	</object>
	<object>
		<name>triangle</name>
		<pose>Unspecified</pose>
		<truncated>0</truncated>
		<difficult>0</difficult>
		<bndbox>
			<xmin>152</xmin>
			<ymin>853</ymin>
			<xmax>352</xmax>
			<ymax>1055</ymax>
		</bndbox>
	</object>
</annotation>
