<annotation>
	<folder>img herman</folder>
	<filename>herman-66.JPEG</filename>
	<path>/home/pi/Desktop/img herman/herman-66.JPEG</path>
	<source>
		<database>Unknown</database>
	</source>
	<size>
		<width>1280</width>
		<height>1280</height>
		<depth>3</depth>
	</size>
	<segmented>0</segmented>
	<object>
		<name>square</name>
		<pose>Unspecified</pose>
		<truncated>0</truncated>
		<difficult>0</difficult>
		<bndbox>
			<xmin>246</xmin>
			<ymin>511</ymin>
			<xmax>518</xmax>
			<ymax>772</ymax>
		</bndbox>
	</object>
	<object>
		<name>square</name>
		<pose>Unspecified</pose>
		<truncated>0</truncated>
		<difficult>0</difficult>
		<bndbox>
			<xmin>537</xmin>
			<ymin>605</ymin>
			<xmax>852</xmax>
			<ymax>923</ymax>
		</bndbox>
	</object>
	<object>
		<name>bar</name>
		<pose>Unspecified</pose>
		<truncated>0</truncated>
		<difficult>0</difficult>
		<bndbox>
			<xmin>272</xmin>
			<ymin>864</ymin>
			<xmax>474</xmax>
			<ymax>1077</ymax>
		</bndbox>
	</object>
</annotation>
