<annotation>
	<folder>img herman</folder>
	<filename>herman-141.JPEG</filename>
	<path>/home/pi/Desktop/img herman/herman-141.JPEG</path>
	<source>
		<database>Unknown</database>
	</source>
	<size>
		<width>1280</width>
		<height>1280</height>
		<depth>3</depth>
	</size>
	<segmented>0</segmented>
	<object>
		<name>triangle</name>
		<pose>Unspecified</pose>
		<truncated>0</truncated>
		<difficult>0</difficult>
		<bndbox>
			<xmin>402</xmin>
			<ymin>898</ymin>
			<xmax>654</xmax>
			<ymax>1190</ymax>
		</bndbox>
	</object>
	<object>
		<name>triangle</name>
		<pose>Unspecified</pose>
		<truncated>0</truncated>
		<difficult>0</difficult>
		<bndbox>
			<xmin>496</xmin>
			<ymin>86</ymin>
			<xmax>774</xmax>
			<ymax>336</ymax>
		</bndbox>
	</object>
</annotation>
