<annotation>
	<folder>img herman</folder>
	<filename>herman-5.JPEG</filename>
	<path>/home/pi/Desktop/img herman/herman-5.JPEG</path>
	<source>
		<database>Unknown</database>
	</source>
	<size>
		<width>1280</width>
		<height>1280</height>
		<depth>3</depth>
	</size>
	<segmented>0</segmented>
	<object>
		<name>square</name>
		<pose>Unspecified</pose>
		<truncated>0</truncated>
		<difficult>0</difficult>
		<bndbox>
			<xmin>263</xmin>
			<ymin>829</ymin>
			<xmax>542</xmax>
			<ymax>1111</ymax>
		</bndbox>
	</object>
	<object>
		<name>circle</name>
		<pose>Unspecified</pose>
		<truncated>0</truncated>
		<difficult>0</difficult>
		<bndbox>
			<xmin>641</xmin>
			<ymin>629</ymin>
			<xmax>842</xmax>
			<ymax>835</ymax>
		</bndbox>
	</object>
	<object>
		<name>triangle</name>
		<pose>Unspecified</pose>
		<truncated>0</truncated>
		<difficult>0</difficult>
		<bndbox>
			<xmin>294</xmin>
			<ymin>509</ymin>
			<xmax>478</xmax>
			<ymax>707</ymax>
		</bndbox>
	</object>
</annotation>
