<annotation>
	<folder>img herman</folder>
	<filename>herman - 178.png</filename>
	<path>/home/pi/Desktop/img herman/herman - 178.png</path>
	<source>
		<database>Unknown</database>
	</source>
	<size>
		<width>1280</width>
		<height>1280</height>
		<depth>3</depth>
	</size>
	<segmented>0</segmented>
	<object>
		<name>circle</name>
		<pose>Unspecified</pose>
		<truncated>0</truncated>
		<difficult>0</difficult>
		<bndbox>
			<xmin>167</xmin>
			<ymin>211</ymin>
			<xmax>470</xmax>
			<ymax>516</ymax>
		</bndbox>
	</object>
	<object>
		<name>circle</name>
		<pose>Unspecified</pose>
		<truncated>0</truncated>
		<difficult>0</difficult>
		<bndbox>
			<xmin>733</xmin>
			<ymin>459</ymin>
			<xmax>1048</xmax>
			<ymax>770</ymax>
		</bndbox>
	</object>
	<object>
		<name>square</name>
		<pose>Unspecified</pose>
		<truncated>0</truncated>
		<difficult>0</difficult>
		<bndbox>
			<xmin>205</xmin>
			<ymin>592</ymin>
			<xmax>585</xmax>
			<ymax>964</ymax>
		</bndbox>
	</object>
</annotation>
