<annotation>
	<folder>img herman</folder>
	<filename>herman - 164.png</filename>
	<path>/home/pi/Desktop/img herman/herman - 164.png</path>
	<source>
		<database>Unknown</database>
	</source>
	<size>
		<width>1280</width>
		<height>1280</height>
		<depth>3</depth>
	</size>
	<segmented>0</segmented>
	<object>
		<name>triangle</name>
		<pose>Unspecified</pose>
		<truncated>0</truncated>
		<difficult>0</difficult>
		<bndbox>
			<xmin>578</xmin>
			<ymin>298</ymin>
			<xmax>770</xmax>
			<ymax>462</ymax>
		</bndbox>
	</object>
	<object>
		<name>triangle</name>
		<pose>Unspecified</pose>
		<truncated>0</truncated>
		<difficult>0</difficult>
		<bndbox>
			<xmin>339</xmin>
			<ymin>470</ymin>
			<xmax>515</xmax>
			<ymax>655</ymax>
		</bndbox>
	</object>
	<object>
		<name>circle</name>
		<pose>Unspecified</pose>
		<truncated>0</truncated>
		<difficult>0</difficult>
		<bndbox>
			<xmin>565</xmin>
			<ymin>518</ymin>
			<xmax>761</xmax>
			<ymax>709</ymax>
		</bndbox>
	</object>
	<object>
		<name>bar</name>
		<pose>Unspecified</pose>
		<truncated>0</truncated>
		<difficult>0</difficult>
		<bndbox>
			<xmin>394</xmin>
			<ymin>861</ymin>
			<xmax>598</xmax>
			<ymax>923</ymax>
		</bndbox>
	</object>
</annotation>
