<annotation>
	<folder>img herman</folder>
	<filename>herman-140.JPEG</filename>
	<path>/home/pi/Desktop/img herman/herman-140.JPEG</path>
	<source>
		<database>Unknown</database>
	</source>
	<size>
		<width>1280</width>
		<height>1280</height>
		<depth>3</depth>
	</size>
	<segmented>0</segmented>
	<object>
		<name>bar</name>
		<pose>Unspecified</pose>
		<truncated>0</truncated>
		<difficult>0</difficult>
		<bndbox>
			<xmin>211</xmin>
			<ymin>601</ymin>
			<xmax>535</xmax>
			<ymax>764</ymax>
		</bndbox>
	</object>
	<object>
		<name>bar</name>
		<pose>Unspecified</pose>
		<truncated>0</truncated>
		<difficult>0</difficult>
		<bndbox>
			<xmin>742</xmin>
			<ymin>792</ymin>
			<xmax>1068</xmax>
			<ymax>907</ymax>
		</bndbox>
	</object>
</annotation>
