<annotation>
	<folder>img herman</folder>
	<filename>herman-40.JPEG</filename>
	<path>/home/pi/Desktop/img herman/herman-40.JPEG</path>
	<source>
		<database>Unknown</database>
	</source>
	<size>
		<width>1280</width>
		<height>1280</height>
		<depth>3</depth>
	</size>
	<segmented>0</segmented>
	<object>
		<name>triangle</name>
		<pose>Unspecified</pose>
		<truncated>0</truncated>
		<difficult>0</difficult>
		<bndbox>
			<xmin>515</xmin>
			<ymin>1036</ymin>
			<xmax>739</xmax>
			<ymax>1264</ymax>
		</bndbox>
	</object>
	<object>
		<name>square</name>
		<pose>Unspecified</pose>
		<truncated>0</truncated>
		<difficult>0</difficult>
		<bndbox>
			<xmin>618</xmin>
			<ymin>822</ymin>
			<xmax>848</xmax>
			<ymax>1055</ymax>
		</bndbox>
	</object>
	<object>
		<name>bar</name>
		<pose>Unspecified</pose>
		<truncated>0</truncated>
		<difficult>0</difficult>
		<bndbox>
			<xmin>557</xmin>
			<ymin>612</ymin>
			<xmax>792</xmax>
			<ymax>681</ymax>
		</bndbox>
	</object>
</annotation>
