<annotation>
	<folder>img herman</folder>
	<filename>herman - 30.png</filename>
	<path>/home/pi/Desktop/img herman/herman - 30.png</path>
	<source>
		<database>Unknown</database>
	</source>
	<size>
		<width>1280</width>
		<height>1280</height>
		<depth>3</depth>
	</size>
	<segmented>0</segmented>
	<object>
		<name>circle</name>
		<pose>Unspecified</pose>
		<truncated>0</truncated>
		<difficult>0</difficult>
		<bndbox>
			<xmin>435</xmin>
			<ymin>625</ymin>
			<xmax>591</xmax>
			<ymax>783</ymax>
		</bndbox>
	</object>
	<object>
		<name>triangle</name>
		<pose>Unspecified</pose>
		<truncated>0</truncated>
		<difficult>0</difficult>
		<bndbox>
			<xmin>517</xmin>
			<ymin>435</ymin>
			<xmax>663</xmax>
			<ymax>579</ymax>
		</bndbox>
	</object>
	<object>
		<name>triangle</name>
		<pose>Unspecified</pose>
		<truncated>0</truncated>
		<difficult>0</difficult>
		<bndbox>
			<xmin>352</xmin>
			<ymin>831</ymin>
			<xmax>500</xmax>
			<ymax>979</ymax>
		</bndbox>
	</object>
</annotation>
