<annotation>
	<folder>img herman</folder>
	<filename>herman-152.JPEG</filename>
	<path>/home/pi/Desktop/img herman/herman-152.JPEG</path>
	<source>
		<database>Unknown</database>
	</source>
	<size>
		<width>1280</width>
		<height>1280</height>
		<depth>3</depth>
	</size>
	<segmented>0</segmented>
	<object>
		<name>bar</name>
		<pose>Unspecified</pose>
		<truncated>0</truncated>
		<difficult>0</difficult>
		<bndbox>
			<xmin>479</xmin>
			<ymin>407</ymin>
			<xmax>555</xmax>
			<ymax>636</ymax>
		</bndbox>
	</object>
	<object>
		<name>square</name>
		<pose>Unspecified</pose>
		<truncated>0</truncated>
		<difficult>0</difficult>
		<bndbox>
			<xmin>150</xmin>
			<ymin>727</ymin>
			<xmax>465</xmax>
			<ymax>1036</ymax>
		</bndbox>
	</object>
	<object>
		<name>square</name>
		<pose>Unspecified</pose>
		<truncated>0</truncated>
		<difficult>0</difficult>
		<bndbox>
			<xmin>583</xmin>
			<ymin>790</ymin>
			<xmax>870</xmax>
			<ymax>1079</ymax>
		</bndbox>
	</object>
</annotation>
