<annotation>
	<folder>img herman</folder>
	<filename>herman - 159.png</filename>
	<path>/home/pi/Desktop/img herman/herman - 159.png</path>
	<source>
		<database>Unknown</database>
	</source>
	<size>
		<width>1280</width>
		<height>1280</height>
		<depth>3</depth>
	</size>
	<segmented>0</segmented>
	<object>
		<name>square</name>
		<pose>Unspecified</pose>
		<truncated>0</truncated>
		<difficult>0</difficult>
		<bndbox>
			<xmin>296</xmin>
			<ymin>320</ymin>
			<xmax>644</xmax>
			<ymax>668</ymax>
		</bndbox>
	</object>
	<object>
		<name>circle</name>
		<pose>Unspecified</pose>
		<truncated>0</truncated>
		<difficult>0</difficult>
		<bndbox>
			<xmin>229</xmin>
			<ymin>857</ymin>
			<xmax>489</xmax>
			<ymax>1107</ymax>
		</bndbox>
	</object>
	<object>
		<name>bar</name>
		<pose>Unspecified</pose>
		<truncated>0</truncated>
		<difficult>0</difficult>
		<bndbox>
			<xmin>855</xmin>
			<ymin>583</ymin>
			<xmax>955</xmax>
			<ymax>842</ymax>
		</bndbox>
	</object>
</annotation>
