<annotation>
	<folder>img herman</folder>
	<filename>herman-58.JPEG</filename>
	<path>/home/pi/Desktop/img herman/herman-58.JPEG</path>
	<source>
		<database>Unknown</database>
	</source>
	<size>
		<width>1280</width>
		<height>1280</height>
		<depth>3</depth>
	</size>
	<segmented>0</segmented>
	<object>
		<name>bar</name>
		<pose>Unspecified</pose>
		<truncated>0</truncated>
		<difficult>0</difficult>
		<bndbox>
			<xmin>222</xmin>
			<ymin>842</ymin>
			<xmax>374</xmax>
			<ymax>998</ymax>
		</bndbox>
	</object>
	<object>
		<name>square</name>
		<pose>Unspecified</pose>
		<truncated>0</truncated>
		<difficult>0</difficult>
		<bndbox>
			<xmin>417</xmin>
			<ymin>636</ymin>
			<xmax>652</xmax>
			<ymax>872</ymax>
		</bndbox>
	</object>
	<object>
		<name>triangle</name>
		<pose>Unspecified</pose>
		<truncated>0</truncated>
		<difficult>0</difficult>
		<bndbox>
			<xmin>246</xmin>
			<ymin>581</ymin>
			<xmax>394</xmax>
			<ymax>744</ymax>
		</bndbox>
	</object>
</annotation>
