<annotation>
	<folder>img herman</folder>
	<filename>herman - 76.png</filename>
	<path>/home/pi/Desktop/img herman/herman - 76.png</path>
	<source>
		<database>Unknown</database>
	</source>
	<size>
		<width>1280</width>
		<height>1280</height>
		<depth>3</depth>
	</size>
	<segmented>0</segmented>
	<object>
		<name>square</name>
		<pose>Unspecified</pose>
		<truncated>0</truncated>
		<difficult>0</difficult>
		<bndbox>
			<xmin>579</xmin>
			<ymin>444</ymin>
			<xmax>809</xmax>
			<ymax>677</ymax>
		</bndbox>
	</object>
	<object>
		<name>square</name>
		<pose>Unspecified</pose>
		<truncated>0</truncated>
		<difficult>0</difficult>
		<bndbox>
			<xmin>318</xmin>
			<ymin>655</ymin>
			<xmax>492</xmax>
			<ymax>827</ymax>
		</bndbox>
	</object>
	<object>
		<name>bar</name>
		<pose>Unspecified</pose>
		<truncated>0</truncated>
		<difficult>0</difficult>
		<bndbox>
			<xmin>579</xmin>
			<ymin>788</ymin>
			<xmax>752</xmax>
			<ymax>840</ymax>
		</bndbox>
	</object>
</annotation>
