<annotation>
	<folder>img herman</folder>
	<filename>herman - 10.png</filename>
	<path>/home/pi/Desktop/img herman/herman - 10.png</path>
	<source>
		<database>Unknown</database>
	</source>
	<size>
		<width>1280</width>
		<height>1280</height>
		<depth>3</depth>
	</size>
	<segmented>0</segmented>
	<object>
		<name>square</name>
		<pose>Unspecified</pose>
		<truncated>0</truncated>
		<difficult>0</difficult>
		<bndbox>
			<xmin>559</xmin>
			<ymin>536</ymin>
			<xmax>852</xmax>
			<ymax>820</ymax>
		</bndbox>
	</object>
	<object>
		<name>circle</name>
		<pose>Unspecified</pose>
		<truncated>0</truncated>
		<difficult>0</difficult>
		<bndbox>
			<xmin>181</xmin>
			<ymin>574</ymin>
			<xmax>385</xmax>
			<ymax>780</ymax>
		</bndbox>
	</object>
	<object>
		<name>triangle</name>
		<pose>Unspecified</pose>
		<truncated>0</truncated>
		<difficult>0</difficult>
		<bndbox>
			<xmin>379</xmin>
			<ymin>953</ymin>
			<xmax>567</xmax>
			<ymax>1162</ymax>
		</bndbox>
	</object>
</annotation>
