<annotation>
	<folder>img herman</folder>
	<filename>herman - 47.png</filename>
	<path>/home/pi/Desktop/img herman/herman - 47.png</path>
	<source>
		<database>Unknown</database>
	</source>
	<size>
		<width>1280</width>
		<height>1280</height>
		<depth>3</depth>
	</size>
	<segmented>0</segmented>
	<object>
		<name>square</name>
		<pose>Unspecified</pose>
		<truncated>0</truncated>
		<difficult>0</difficult>
		<bndbox>
			<xmin>244</xmin>
			<ymin>555</ymin>
			<xmax>541</xmax>
			<ymax>849</ymax>
		</bndbox>
	</object>
	<object>
		<name>circle</name>
		<pose>Unspecified</pose>
		<truncated>0</truncated>
		<difficult>0</difficult>
		<bndbox>
			<xmin>371</xmin>
			<ymin>888</ymin>
			<xmax>597</xmax>
			<ymax>1111</ymax>
		</bndbox>
	</object>
	<object>
		<name>circle</name>
		<pose>Unspecified</pose>
		<truncated>0</truncated>
		<difficult>0</difficult>
		<bndbox>
			<xmin>85</xmin>
			<ymin>777</ymin>
			<xmax>307</xmax>
			<ymax>1003</ymax>
		</bndbox>
	</object>
</annotation>
