<annotation>
	<folder>img herman</folder>
	<filename>herman-87.JPEG</filename>
	<path>/home/pi/Desktop/img herman/herman-87.JPEG</path>
	<source>
		<database>Unknown</database>
	</source>
	<size>
		<width>1280</width>
		<height>1280</height>
		<depth>3</depth>
	</size>
	<segmented>0</segmented>
	<object>
		<name>triangle</name>
		<pose>Unspecified</pose>
		<truncated>0</truncated>
		<difficult>0</difficult>
		<bndbox>
			<xmin>520</xmin>
			<ymin>685</ymin>
			<xmax>687</xmax>
			<ymax>864</ymax>
		</bndbox>
	</object>
	<object>
		<name>square</name>
		<pose>Unspecified</pose>
		<truncated>0</truncated>
		<difficult>0</difficult>
		<bndbox>
			<xmin>528</xmin>
			<ymin>377</ymin>
			<xmax>791</xmax>
			<ymax>640</ymax>
		</bndbox>
	</object>
	<object>
		<name>circle</name>
		<pose>Unspecified</pose>
		<truncated>0</truncated>
		<difficult>0</difficult>
		<bndbox>
			<xmin>381</xmin>
			<ymin>988</ymin>
			<xmax>568</xmax>
			<ymax>1179</ymax>
		</bndbox>
	</object>
</annotation>
