<annotation>
	<folder>img herman</folder>
	<filename>herman - 144.png</filename>
	<path>/home/pi/Desktop/img herman/herman - 144.png</path>
	<source>
		<database>Unknown</database>
	</source>
	<size>
		<width>1280</width>
		<height>1280</height>
		<depth>3</depth>
	</size>
	<segmented>0</segmented>
	<object>
		<name>square</name>
		<pose>Unspecified</pose>
		<truncated>0</truncated>
		<difficult>0</difficult>
		<bndbox>
			<xmin>439</xmin>
			<ymin>662</ymin>
			<xmax>720</xmax>
			<ymax>944</ymax>
		</bndbox>
	</object>
	<object>
		<name>bar</name>
		<pose>Unspecified</pose>
		<truncated>0</truncated>
		<difficult>0</difficult>
		<bndbox>
			<xmin>720</xmin>
			<ymin>483</ymin>
			<xmax>922</xmax>
			<ymax>664</ymax>
		</bndbox>
	</object>
	<object>
		<name>square</name>
		<pose>Unspecified</pose>
		<truncated>0</truncated>
		<difficult>0</difficult>
		<bndbox>
			<xmin>654</xmin>
			<ymin>94</ymin>
			<xmax>909</xmax>
			<ymax>349</ymax>
		</bndbox>
	</object>
</annotation>
