<annotation>
	<folder>img herman</folder>
	<filename>herman-52.JPEG</filename>
	<path>/home/pi/Desktop/img herman/herman-52.JPEG</path>
	<source>
		<database>Unknown</database>
	</source>
	<size>
		<width>1280</width>
		<height>1280</height>
		<depth>3</depth>
	</size>
	<segmented>0</segmented>
	<object>
		<name>square</name>
		<pose>Unspecified</pose>
		<truncated>0</truncated>
		<difficult>0</difficult>
		<bndbox>
			<xmin>192</xmin>
			<ymin>461</ymin>
			<xmax>428</xmax>
			<ymax>690</ymax>
		</bndbox>
	</object>
	<object>
		<name>circle</name>
		<pose>Unspecified</pose>
		<truncated>0</truncated>
		<difficult>0</difficult>
		<bndbox>
			<xmin>483</xmin>
			<ymin>644</ymin>
			<xmax>683</xmax>
			<ymax>840</ymax>
		</bndbox>
	</object>
	<object>
		<name>circle</name>
		<pose>Unspecified</pose>
		<truncated>0</truncated>
		<difficult>0</difficult>
		<bndbox>
			<xmin>379</xmin>
			<ymin>977</ymin>
			<xmax>587</xmax>
			<ymax>1181</ymax>
		</bndbox>
	</object>
</annotation>
