<annotation>
	<folder>img herman</folder>
	<filename>herman-14.JPEG</filename>
	<path>/home/pi/Desktop/img herman/herman-14.JPEG</path>
	<source>
		<database>Unknown</database>
	</source>
	<size>
		<width>1280</width>
		<height>1280</height>
		<depth>3</depth>
	</size>
	<segmented>0</segmented>
	<object>
		<name>bar</name>
		<pose>Unspecified</pose>
		<truncated>0</truncated>
		<difficult>0</difficult>
		<bndbox>
			<xmin>448</xmin>
			<ymin>1059</ymin>
			<xmax>631</xmax>
			<ymax>1207</ymax>
		</bndbox>
	</object>
	<object>
		<name>square</name>
		<pose>Unspecified</pose>
		<truncated>0</truncated>
		<difficult>0</difficult>
		<bndbox>
			<xmin>905</xmin>
			<ymin>899</ymin>
			<xmax>1124</xmax>
			<ymax>1114</ymax>
		</bndbox>
	</object>
	<object>
		<name>square</name>
		<pose>Unspecified</pose>
		<truncated>0</truncated>
		<difficult>0</difficult>
		<bndbox>
			<xmin>459</xmin>
			<ymin>611</ymin>
			<xmax>741</xmax>
			<ymax>885</ymax>
		</bndbox>
	</object>
</annotation>
