<annotation>
	<folder>img herman</folder>
	<filename>herman - 73.png</filename>
	<path>/home/pi/Desktop/img herman/herman - 73.png</path>
	<source>
		<database>Unknown</database>
	</source>
	<size>
		<width>1280</width>
		<height>1280</height>
		<depth>3</depth>
	</size>
	<segmented>0</segmented>
	<object>
		<name>bar</name>
		<pose>Unspecified</pose>
		<truncated>0</truncated>
		<difficult>0</difficult>
		<bndbox>
			<xmin>500</xmin>
			<ymin>494</ymin>
			<xmax>744</xmax>
			<ymax>644</ymax>
		</bndbox>
	</object>
	<object>
		<name>bar</name>
		<pose>Unspecified</pose>
		<truncated>0</truncated>
		<difficult>0</difficult>
		<bndbox>
			<xmin>509</xmin>
			<ymin>823</ymin>
			<xmax>585</xmax>
			<ymax>1077</ymax>
		</bndbox>
	</object>
	<object>
		<name>circle</name>
		<pose>Unspecified</pose>
		<truncated>0</truncated>
		<difficult>0</difficult>
		<bndbox>
			<xmin>198</xmin>
			<ymin>625</ymin>
			<xmax>448</xmax>
			<ymax>872</ymax>
		</bndbox>
	</object>
</annotation>
