<annotation>
	<folder>img herman</folder>
	<filename>herman - 148.png</filename>
	<path>/home/pi/Desktop/img herman/herman - 148.png</path>
	<source>
		<database>Unknown</database>
	</source>
	<size>
		<width>1280</width>
		<height>1280</height>
		<depth>3</depth>
	</size>
	<segmented>0</segmented>
	<object>
		<name>square</name>
		<pose>Unspecified</pose>
		<truncated>0</truncated>
		<difficult>0</difficult>
		<bndbox>
			<xmin>341</xmin>
			<ymin>825</ymin>
			<xmax>704</xmax>
			<ymax>1188</ymax>
		</bndbox>
	</object>
	<object>
		<name>bar</name>
		<pose>Unspecified</pose>
		<truncated>0</truncated>
		<difficult>0</difficult>
		<bndbox>
			<xmin>715</xmin>
			<ymin>311</ymin>
			<xmax>985</xmax>
			<ymax>420</ymax>
		</bndbox>
	</object>
</annotation>
