<annotation>
	<folder>img herman</folder>
	<filename>herman-169.JPEG</filename>
	<path>/home/pi/Desktop/img herman/herman-169.JPEG</path>
	<source>
		<database>Unknown</database>
	</source>
	<size>
		<width>1280</width>
		<height>1280</height>
		<depth>3</depth>
	</size>
	<segmented>0</segmented>
	<object>
		<name>circle</name>
		<pose>Unspecified</pose>
		<truncated>0</truncated>
		<difficult>0</difficult>
		<bndbox>
			<xmin>196</xmin>
			<ymin>690</ymin>
			<xmax>424</xmax>
			<ymax>905</ymax>
		</bndbox>
	</object>
	<object>
		<name>triangle</name>
		<pose>Unspecified</pose>
		<truncated>0</truncated>
		<difficult>0</difficult>
		<bndbox>
			<xmin>655</xmin>
			<ymin>716</ymin>
			<xmax>846</xmax>
			<ymax>929</ymax>
		</bndbox>
	</object>
	<object>
		<name>bar</name>
		<pose>Unspecified</pose>
		<truncated>0</truncated>
		<difficult>0</difficult>
		<bndbox>
			<xmin>641</xmin>
			<ymin>301</ymin>
			<xmax>722</xmax>
			<ymax>531</ymax>
		</bndbox>
	</object>
</annotation>
