<annotation>
	<folder>img herman</folder>
	<filename>herman-77.JPEG</filename>
	<path>/home/pi/Desktop/img herman/herman-77.JPEG</path>
	<source>
		<database>Unknown</database>
	</source>
	<size>
		<width>1280</width>
		<height>1280</height>
		<depth>3</depth>
	</size>
	<segmented>0</segmented>
	<object>
		<name>square</name>
		<pose>Unspecified</pose>
		<truncated>0</truncated>
		<difficult>0</difficult>
		<bndbox>
			<xmin>307</xmin>
			<ymin>664</ymin>
			<xmax>485</xmax>
			<ymax>838</ymax>
		</bndbox>
	</object>
	<object>
		<name>square</name>
		<pose>Unspecified</pose>
		<truncated>0</truncated>
		<difficult>0</difficult>
		<bndbox>
			<xmin>567</xmin>
			<ymin>449</ymin>
			<xmax>804</xmax>
			<ymax>686</ymax>
		</bndbox>
	</object>
	<object>
		<name>bar</name>
		<pose>Unspecified</pose>
		<truncated>0</truncated>
		<difficult>0</difficult>
		<bndbox>
			<xmin>568</xmin>
			<ymin>792</ymin>
			<xmax>746</xmax>
			<ymax>849</ymax>
		</bndbox>
	</object>
</annotation>
