<annotation>
	<folder>img herman</folder>
	<filename>herman - 136.png</filename>
	<path>/home/pi/Desktop/img herman/herman - 136.png</path>
	<source>
		<database>Unknown</database>
	</source>
	<size>
		<width>1280</width>
		<height>1280</height>
		<depth>3</depth>
	</size>
	<segmented>0</segmented>
	<object>
		<name>bar</name>
		<pose>Unspecified</pose>
		<truncated>0</truncated>
		<difficult>0</difficult>
		<bndbox>
			<xmin>574</xmin>
			<ymin>581</ymin>
			<xmax>789</xmax>
			<ymax>685</ymax>
		</bndbox>
	</object>
	<object>
		<name>square</name>
		<pose>Unspecified</pose>
		<truncated>0</truncated>
		<difficult>0</difficult>
		<bndbox>
			<xmin>318</xmin>
			<ymin>120</ymin>
			<xmax>617</xmax>
			<ymax>414</ymax>
		</bndbox>
	</object>
	<object>
		<name>triangle</name>
		<pose>Unspecified</pose>
		<truncated>0</truncated>
		<difficult>0</difficult>
		<bndbox>
			<xmin>752</xmin>
			<ymin>211</ymin>
			<xmax>944</xmax>
			<ymax>398</ymax>
		</bndbox>
	</object>
</annotation>
