<annotation>
	<folder>img herman</folder>
	<filename>herman-22.JPEG</filename>
	<path>/home/pi/Desktop/img herman/herman-22.JPEG</path>
	<source>
		<database>Unknown</database>
	</source>
	<size>
		<width>1280</width>
		<height>1280</height>
		<depth>3</depth>
	</size>
	<segmented>0</segmented>
	<object>
		<name>bar</name>
		<pose>Unspecified</pose>
		<truncated>0</truncated>
		<difficult>0</difficult>
		<bndbox>
			<xmin>255</xmin>
			<ymin>673</ymin>
			<xmax>526</xmax>
			<ymax>848</ymax>
		</bndbox>
	</object>
	<object>
		<name>square</name>
		<pose>Unspecified</pose>
		<truncated>0</truncated>
		<difficult>0</difficult>
		<bndbox>
			<xmin>622</xmin>
			<ymin>448</ymin>
			<xmax>1035</xmax>
			<ymax>875</ymax>
		</bndbox>
	</object>
	<object>
		<name>square</name>
		<pose>Unspecified</pose>
		<truncated>0</truncated>
		<difficult>0</difficult>
		<bndbox>
			<xmin>513</xmin>
			<ymin>909</ymin>
			<xmax>907</xmax>
			<ymax>1272</ymax>
		</bndbox>
	</object>
</annotation>
