<annotation>
	<folder>img herman</folder>
	<filename>herman-16.JPEG</filename>
	<path>/home/pi/Desktop/img herman/herman-16.JPEG</path>
	<source>
		<database>Unknown</database>
	</source>
	<size>
		<width>1280</width>
		<height>1280</height>
		<depth>3</depth>
	</size>
	<segmented>0</segmented>
	<object>
		<name>square</name>
		<pose>Unspecified</pose>
		<truncated>0</truncated>
		<difficult>0</difficult>
		<bndbox>
			<xmin>329</xmin>
			<ymin>396</ymin>
			<xmax>589</xmax>
			<ymax>649</ymax>
		</bndbox>
	</object>
	<object>
		<name>circle</name>
		<pose>Unspecified</pose>
		<truncated>0</truncated>
		<difficult>0</difficult>
		<bndbox>
			<xmin>374</xmin>
			<ymin>735</ymin>
			<xmax>577</xmax>
			<ymax>935</ymax>
		</bndbox>
	</object>
	<object>
		<name>triangle</name>
		<pose>Unspecified</pose>
		<truncated>0</truncated>
		<difficult>0</difficult>
		<bndbox>
			<xmin>289</xmin>
			<ymin>986</ymin>
			<xmax>474</xmax>
			<ymax>1183</ymax>
		</bndbox>
	</object>
</annotation>
