<annotation>
	<folder>img herman</folder>
	<filename>herman-103.JPEG</filename>
	<path>/home/pi/Desktop/img herman/herman-103.JPEG</path>
	<source>
		<database>Unknown</database>
	</source>
	<size>
		<width>1280</width>
		<height>1280</height>
		<depth>3</depth>
	</size>
	<segmented>0</segmented>
	<object>
		<name>bar</name>
		<pose>Unspecified</pose>
		<truncated>0</truncated>
		<difficult>0</difficult>
		<bndbox>
			<xmin>855</xmin>
			<ymin>325</ymin>
			<xmax>1083</xmax>
			<ymax>577</ymax>
		</bndbox>
	</object>
	<object>
		<name>bar</name>
		<pose>Unspecified</pose>
		<truncated>0</truncated>
		<difficult>0</difficult>
		<bndbox>
			<xmin>794</xmin>
			<ymin>798</ymin>
			<xmax>1005</xmax>
			<ymax>1059</ymax>
		</bndbox>
	</object>
</annotation>
