<annotation>
	<folder>img herman</folder>
	<filename>herman-127.JPEG</filename>
	<path>/home/pi/Desktop/img herman/herman-127.JPEG</path>
	<source>
		<database>Unknown</database>
	</source>
	<size>
		<width>1280</width>
		<height>1280</height>
		<depth>3</depth>
	</size>
	<segmented>0</segmented>
	<object>
		<name>circle</name>
		<pose>Unspecified</pose>
		<truncated>0</truncated>
		<difficult>0</difficult>
		<bndbox>
			<xmin>168</xmin>
			<ymin>179</ymin>
			<xmax>533</xmax>
			<ymax>531</ymax>
		</bndbox>
	</object>
	<object>
		<name>triangle</name>
		<pose>Unspecified</pose>
		<truncated>0</truncated>
		<difficult>0</difficult>
		<bndbox>
			<xmin>663</xmin>
			<ymin>238</ymin>
			<xmax>1000</xmax>
			<ymax>585</ymax>
		</bndbox>
	</object>
</annotation>
