<annotation>
	<folder>img herman</folder>
	<filename>herman-130.JPEG</filename>
	<path>/home/pi/Desktop/img herman/herman-130.JPEG</path>
	<source>
		<database>Unknown</database>
	</source>
	<size>
		<width>1280</width>
		<height>1280</height>
		<depth>3</depth>
	</size>
	<segmented>0</segmented>
	<object>
		<name>bar</name>
		<pose>Unspecified</pose>
		<truncated>0</truncated>
		<difficult>0</difficult>
		<bndbox>
			<xmin>626</xmin>
			<ymin>779</ymin>
			<xmax>694</xmax>
			<ymax>1020</ymax>
		</bndbox>
	</object>
	<object>
		<name>bar</name>
		<pose>Unspecified</pose>
		<truncated>0</truncated>
		<difficult>0</difficult>
		<bndbox>
			<xmin>705</xmin>
			<ymin>903</ymin>
			<xmax>863</xmax>
			<ymax>1131</ymax>
		</bndbox>
	</object>
	<object>
		<name>square</name>
		<pose>Unspecified</pose>
		<truncated>0</truncated>
		<difficult>0</difficult>
		<bndbox>
			<xmin>713</xmin>
			<ymin>429</ymin>
			<xmax>1037</xmax>
			<ymax>757</ymax>
		</bndbox>
	</object>
</annotation>
