<annotation>
	<folder>img herman</folder>
	<filename>herman-69.JPEG</filename>
	<path>/home/pi/Desktop/img herman/herman-69.JPEG</path>
	<source>
		<database>Unknown</database>
	</source>
	<size>
		<width>1280</width>
		<height>1280</height>
		<depth>3</depth>
	</size>
	<segmented>0</segmented>
	<object>
		<name>bar</name>
		<pose>Unspecified</pose>
		<truncated>0</truncated>
		<difficult>0</difficult>
		<bndbox>
			<xmin>498</xmin>
			<ymin>885</ymin>
			<xmax>591</xmax>
			<ymax>1138</ymax>
		</bndbox>
	</object>
	<object>
		<name>circle</name>
		<pose>Unspecified</pose>
		<truncated>0</truncated>
		<difficult>0</difficult>
		<bndbox>
			<xmin>187</xmin>
			<ymin>712</ymin>
			<xmax>435</xmax>
			<ymax>949</ymax>
		</bndbox>
	</object>
	<object>
		<name>triangle</name>
		<pose>Unspecified</pose>
		<truncated>0</truncated>
		<difficult>0</difficult>
		<bndbox>
			<xmin>296</xmin>
			<ymin>429</ymin>
			<xmax>524</xmax>
			<ymax>633</ymax>
		</bndbox>
	</object>
</annotation>
