<annotation>
	<folder>img herman</folder>
	<filename>herman - 137.png</filename>
	<path>/home/pi/Desktop/img herman/herman - 137.png</path>
	<source>
		<database>Unknown</database>
	</source>
	<size>
		<width>1280</width>
		<height>1280</height>
		<depth>3</depth>
	</size>
	<segmented>0</segmented>
	<object>
		<name>square</name>
		<pose>Unspecified</pose>
		<truncated>0</truncated>
		<difficult>0</difficult>
		<bndbox>
			<xmin>370</xmin>
			<ymin>538</ymin>
			<xmax>600</xmax>
			<ymax>762</ymax>
		</bndbox>
	</object>
	<object>
		<name>circle</name>
		<pose>Unspecified</pose>
		<truncated>0</truncated>
		<difficult>0</difficult>
		<bndbox>
			<xmin>717</xmin>
			<ymin>466</ymin>
			<xmax>922</xmax>
			<ymax>666</ymax>
		</bndbox>
	</object>
	<object>
		<name>circle</name>
		<pose>Unspecified</pose>
		<truncated>0</truncated>
		<difficult>0</difficult>
		<bndbox>
			<xmin>857</xmin>
			<ymin>1027</ymin>
			<xmax>1076</xmax>
			<ymax>1253</ymax>
		</bndbox>
	</object>
</annotation>
