<annotation>
	<folder>img herman</folder>
	<filename>herman - 150.png</filename>
	<path>/home/pi/Desktop/img herman/herman - 150.png</path>
	<source>
		<database>Unknown</database>
	</source>
	<size>
		<width>1280</width>
		<height>1280</height>
		<depth>3</depth>
	</size>
	<segmented>0</segmented>
	<object>
		<name>triangle</name>
		<pose>Unspecified</pose>
		<truncated>0</truncated>
		<difficult>0</difficult>
		<bndbox>
			<xmin>539</xmin>
			<ymin>449</ymin>
			<xmax>848</xmax>
			<ymax>744</ymax>
		</bndbox>
	</object>
	<object>
		<name>triangle</name>
		<pose>Unspecified</pose>
		<truncated>0</truncated>
		<difficult>0</difficult>
		<bndbox>
			<xmin>131</xmin>
			<ymin>857</ymin>
			<xmax>455</xmax>
			<ymax>1155</ymax>
		</bndbox>
	</object>
	<object>
		<name>bar</name>
		<pose>Unspecified</pose>
		<truncated>0</truncated>
		<difficult>0</difficult>
		<bndbox>
			<xmin>592</xmin>
			<ymin>957</ymin>
			<xmax>928</xmax>
			<ymax>1090</ymax>
		</bndbox>
	</object>
</annotation>
