<annotation>
	<folder>img herman</folder>
	<filename>herman - 105.png</filename>
	<path>/home/pi/Desktop/img herman/herman - 105.png</path>
	<source>
		<database>Unknown</database>
	</source>
	<size>
		<width>1280</width>
		<height>1280</height>
		<depth>3</depth>
	</size>
	<segmented>0</segmented>
	<object>
		<name>triangle</name>
		<pose>Unspecified</pose>
		<truncated>0</truncated>
		<difficult>0</difficult>
		<bndbox>
			<xmin>407</xmin>
			<ymin>777</ymin>
			<xmax>598</xmax>
			<ymax>986</ymax>
		</bndbox>
	</object>
	<object>
		<name>square</name>
		<pose>Unspecified</pose>
		<truncated>0</truncated>
		<difficult>0</difficult>
		<bndbox>
			<xmin>772</xmin>
			<ymin>520</ymin>
			<xmax>1022</xmax>
			<ymax>764</ymax>
		</bndbox>
	</object>
</annotation>
