<annotation>
	<folder>img herman</folder>
	<filename>herman - 146.png</filename>
	<path>/home/pi/Desktop/img herman/herman - 146.png</path>
	<source>
		<database>Unknown</database>
	</source>
	<size>
		<width>1280</width>
		<height>1280</height>
		<depth>3</depth>
	</size>
	<segmented>0</segmented>
	<object>
		<name>triangle</name>
		<pose>Unspecified</pose>
		<truncated>0</truncated>
		<difficult>0</difficult>
		<bndbox>
			<xmin>446</xmin>
			<ymin>331</ymin>
			<xmax>655</xmax>
			<ymax>514</ymax>
		</bndbox>
	</object>
	<object>
		<name>triangle</name>
		<pose>Unspecified</pose>
		<truncated>0</truncated>
		<difficult>0</difficult>
		<bndbox>
			<xmin>374</xmin>
			<ymin>918</ymin>
			<xmax>568</xmax>
			<ymax>1149</ymax>
		</bndbox>
	</object>
</annotation>
