<annotation>
	<folder>img herman</folder>
	<filename>herman - 79.png</filename>
	<path>/home/pi/Desktop/img herman/herman - 79.png</path>
	<source>
		<database>Unknown</database>
	</source>
	<size>
		<width>1280</width>
		<height>1280</height>
		<depth>3</depth>
	</size>
	<segmented>0</segmented>
	<object>
		<name>bar</name>
		<pose>Unspecified</pose>
		<truncated>0</truncated>
		<difficult>0</difficult>
		<bndbox>
			<xmin>428</xmin>
			<ymin>348</ymin>
			<xmax>674</xmax>
			<ymax>533</ymax>
		</bndbox>
	</object>
	<object>
		<name>circle</name>
		<pose>Unspecified</pose>
		<truncated>0</truncated>
		<difficult>0</difficult>
		<bndbox>
			<xmin>776</xmin>
			<ymin>631</ymin>
			<xmax>1024</xmax>
			<ymax>886</ymax>
		</bndbox>
	</object>
	<object>
		<name>square</name>
		<pose>Unspecified</pose>
		<truncated>0</truncated>
		<difficult>0</difficult>
		<bndbox>
			<xmin>320</xmin>
			<ymin>775</ymin>
			<xmax>670</xmax>
			<ymax>1129</ymax>
		</bndbox>
	</object>
</annotation>
