<annotation>
	<folder>img herman</folder>
	<filename>herman-64.JPEG</filename>
	<path>/home/pi/Desktop/img herman/herman-64.JPEG</path>
	<source>
		<database>Unknown</database>
	</source>
	<size>
		<width>1280</width>
		<height>1280</height>
		<depth>3</depth>
	</size>
	<segmented>0</segmented>
	<object>
		<name>square</name>
		<pose>Unspecified</pose>
		<truncated>0</truncated>
		<difficult>0</difficult>
		<bndbox>
			<xmin>474</xmin>
			<ymin>557</ymin>
			<xmax>770</xmax>
			<ymax>861</ymax>
		</bndbox>
	</object>
	<object>
		<name>triangle</name>
		<pose>Unspecified</pose>
		<truncated>0</truncated>
		<difficult>0</difficult>
		<bndbox>
			<xmin>255</xmin>
			<ymin>477</ymin>
			<xmax>448</xmax>
			<ymax>686</ymax>
		</bndbox>
	</object>
	<object>
		<name>bar</name>
		<pose>Unspecified</pose>
		<truncated>0</truncated>
		<difficult>0</difficult>
		<bndbox>
			<xmin>233</xmin>
			<ymin>809</ymin>
			<xmax>420</xmax>
			<ymax>1007</ymax>
		</bndbox>
	</object>
</annotation>
