<annotation>
	<folder>img herman</folder>
	<filename>herman - 92.png</filename>
	<path>/home/pi/Desktop/img herman/herman - 92.png</path>
	<source>
		<database>Unknown</database>
	</source>
	<size>
		<width>1280</width>
		<height>1280</height>
		<depth>3</depth>
	</size>
	<segmented>0</segmented>
	<object>
		<name>circle</name>
		<pose>Unspecified</pose>
		<truncated>0</truncated>
		<difficult>0</difficult>
		<bndbox>
			<xmin>733</xmin>
			<ymin>805</ymin>
			<xmax>1050</xmax>
			<ymax>1122</ymax>
		</bndbox>
	</object>
	<object>
		<name>triangle</name>
		<pose>Unspecified</pose>
		<truncated>0</truncated>
		<difficult>0</difficult>
		<bndbox>
			<xmin>820</xmin>
			<ymin>229</ymin>
			<xmax>1133</xmax>
			<ymax>505</ymax>
		</bndbox>
	</object>
</annotation>
