<annotation>
	<folder>img herman</folder>
	<filename>herman - 133.png</filename>
	<path>/home/pi/Desktop/img herman/herman - 133.png</path>
	<source>
		<database>Unknown</database>
	</source>
	<size>
		<width>1280</width>
		<height>1280</height>
		<depth>3</depth>
	</size>
	<segmented>0</segmented>
	<object>
		<name>square</name>
		<pose>Unspecified</pose>
		<truncated>0</truncated>
		<difficult>0</difficult>
		<bndbox>
			<xmin>448</xmin>
			<ymin>14</ymin>
			<xmax>672</xmax>
			<ymax>242</ymax>
		</bndbox>
	</object>
	<object>
		<name>bar</name>
		<pose>Unspecified</pose>
		<truncated>0</truncated>
		<difficult>0</difficult>
		<bndbox>
			<xmin>657</xmin>
			<ymin>240</ymin>
			<xmax>717</xmax>
			<ymax>407</ymax>
		</bndbox>
	</object>
	<object>
		<name>triangle</name>
		<pose>Unspecified</pose>
		<truncated>0</truncated>
		<difficult>0</difficult>
		<bndbox>
			<xmin>622</xmin>
			<ymin>988</ymin>
			<xmax>776</xmax>
			<ymax>1153</ymax>
		</bndbox>
	</object>
</annotation>
