<annotation>
	<folder>img herman</folder>
	<filename>herman - 83.png</filename>
	<path>/home/pi/Desktop/img herman/herman - 83.png</path>
	<source>
		<database>Unknown</database>
	</source>
	<size>
		<width>1280</width>
		<height>1280</height>
		<depth>3</depth>
	</size>
	<segmented>0</segmented>
	<object>
		<name>square</name>
		<pose>Unspecified</pose>
		<truncated>0</truncated>
		<difficult>0</difficult>
		<bndbox>
			<xmin>381</xmin>
			<ymin>798</ymin>
			<xmax>746</xmax>
			<ymax>1162</ymax>
		</bndbox>
	</object>
	<object>
		<name>bar</name>
		<pose>Unspecified</pose>
		<truncated>0</truncated>
		<difficult>0</difficult>
		<bndbox>
			<xmin>639</xmin>
			<ymin>372</ymin>
			<xmax>831</xmax>
			<ymax>601</ymax>
		</bndbox>
	</object>
	<object>
		<name>circle</name>
		<pose>Unspecified</pose>
		<truncated>0</truncated>
		<difficult>0</difficult>
		<bndbox>
			<xmin>896</xmin>
			<ymin>775</ymin>
			<xmax>1155</xmax>
			<ymax>1044</ymax>
		</bndbox>
	</object>
</annotation>
