<annotation>
	<folder>img herman</folder>
	<filename>herman - 33.png</filename>
	<path>/home/pi/Desktop/img herman/herman - 33.png</path>
	<source>
		<database>Unknown</database>
	</source>
	<size>
		<width>1280</width>
		<height>1280</height>
		<depth>3</depth>
	</size>
	<segmented>0</segmented>
	<object>
		<name>circle</name>
		<pose>Unspecified</pose>
		<truncated>0</truncated>
		<difficult>0</difficult>
		<bndbox>
			<xmin>259</xmin>
			<ymin>681</ymin>
			<xmax>457</xmax>
			<ymax>881</ymax>
		</bndbox>
	</object>
	<object>
		<name>square</name>
		<pose>Unspecified</pose>
		<truncated>0</truncated>
		<difficult>0</difficult>
		<bndbox>
			<xmin>537</xmin>
			<ymin>644</ymin>
			<xmax>742</xmax>
			<ymax>859</ymax>
		</bndbox>
	</object>
	<object>
		<name>bar</name>
		<pose>Unspecified</pose>
		<truncated>0</truncated>
		<difficult>0</difficult>
		<bndbox>
			<xmin>539</xmin>
			<ymin>883</ymin>
			<xmax>742</xmax>
			<ymax>973</ymax>
		</bndbox>
	</object>
</annotation>
