<annotation>
	<folder>img herman</folder>
	<filename>herman-81.JPEG</filename>
	<path>/home/pi/Desktop/img herman/herman-81.JPEG</path>
	<source>
		<database>Unknown</database>
	</source>
	<size>
		<width>1280</width>
		<height>1280</height>
		<depth>3</depth>
	</size>
	<segmented>0</segmented>
	<object>
		<name>circle</name>
		<pose>Unspecified</pose>
		<truncated>0</truncated>
		<difficult>0</difficult>
		<bndbox>
			<xmin>400</xmin>
			<ymin>870</ymin>
			<xmax>648</xmax>
			<ymax>1122</ymax>
		</bndbox>
	</object>
	<object>
		<name>bar</name>
		<pose>Unspecified</pose>
		<truncated>0</truncated>
		<difficult>0</difficult>
		<bndbox>
			<xmin>750</xmin>
			<ymin>698</ymin>
			<xmax>1002</xmax>
			<ymax>788</ymax>
		</bndbox>
	</object>
	<object>
		<name>square</name>
		<pose>Unspecified</pose>
		<truncated>0</truncated>
		<difficult>0</difficult>
		<bndbox>
			<xmin>481</xmin>
			<ymin>340</ymin>
			<xmax>772</xmax>
			<ymax>629</ymax>
		</bndbox>
	</object>
</annotation>
