<annotation>
	<folder>img herman</folder>
	<filename>herman - 155.png</filename>
	<path>/home/pi/Desktop/img herman/herman - 155.png</path>
	<source>
		<database>Unknown</database>
	</source>
	<size>
		<width>1280</width>
		<height>1280</height>
		<depth>3</depth>
	</size>
	<segmented>0</segmented>
	<object>
		<name>square</name>
		<pose>Unspecified</pose>
		<truncated>0</truncated>
		<difficult>0</difficult>
		<bndbox>
			<xmin>150</xmin>
			<ymin>436</ymin>
			<xmax>470</xmax>
			<ymax>748</ymax>
		</bndbox>
	</object>
	<object>
		<name>square</name>
		<pose>Unspecified</pose>
		<truncated>0</truncated>
		<difficult>0</difficult>
		<bndbox>
			<xmin>415</xmin>
			<ymin>955</ymin>
			<xmax>733</xmax>
			<ymax>1272</ymax>
		</bndbox>
	</object>
	<object>
		<name>bar</name>
		<pose>Unspecified</pose>
		<truncated>0</truncated>
		<difficult>0</difficult>
		<bndbox>
			<xmin>705</xmin>
			<ymin>601</ymin>
			<xmax>761</xmax>
			<ymax>838</ymax>
		</bndbox>
	</object>
</annotation>
