<annotation>
	<folder>img herman</folder>
	<filename>herman - 143.png</filename>
	<path>/home/pi/Desktop/img herman/herman - 143.png</path>
	<source>
		<database>Unknown</database>
	</source>
	<size>
		<width>1280</width>
		<height>1280</height>
		<depth>3</depth>
	</size>
	<segmented>0</segmented>
	<object>
		<name>square</name>
		<pose>Unspecified</pose>
		<truncated>0</truncated>
		<difficult>0</difficult>
		<bndbox>
			<xmin>63</xmin>
			<ymin>725</ymin>
			<xmax>459</xmax>
			<ymax>1125</ymax>
		</bndbox>
	</object>
	<object>
		<name>square</name>
		<pose>Unspecified</pose>
		<truncated>0</truncated>
		<difficult>0</difficult>
		<bndbox>
			<xmin>596</xmin>
			<ymin>733</ymin>
			<xmax>976</xmax>
			<ymax>1109</ymax>
		</bndbox>
	</object>
	<object>
		<name>bar</name>
		<pose>Unspecified</pose>
		<truncated>0</truncated>
		<difficult>0</difficult>
		<bndbox>
			<xmin>429</xmin>
			<ymin>303</ymin>
			<xmax>487</xmax>
			<ymax>588</ymax>
		</bndbox>
	</object>
</annotation>
