<annotation>
	<folder>img herman</folder>
	<filename>herman-13.JPEG</filename>
	<path>/home/pi/Desktop/img herman/herman-13.JPEG</path>
	<source>
		<database>Unknown</database>
	</source>
	<size>
		<width>1280</width>
		<height>1280</height>
		<depth>3</depth>
	</size>
	<segmented>0</segmented>
	<object>
		<name>square</name>
		<pose>Unspecified</pose>
		<truncated>0</truncated>
		<difficult>0</difficult>
		<bndbox>
			<xmin>452</xmin>
			<ymin>611</ymin>
			<xmax>739</xmax>
			<ymax>892</ymax>
		</bndbox>
	</object>
	<object>
		<name>square</name>
		<pose>Unspecified</pose>
		<truncated>0</truncated>
		<difficult>0</difficult>
		<bndbox>
			<xmin>904</xmin>
			<ymin>907</ymin>
			<xmax>1118</xmax>
			<ymax>1116</ymax>
		</bndbox>
	</object>
	<object>
		<name>bar</name>
		<pose>Unspecified</pose>
		<truncated>0</truncated>
		<difficult>0</difficult>
		<bndbox>
			<xmin>448</xmin>
			<ymin>1061</ymin>
			<xmax>631</xmax>
			<ymax>1214</ymax>
		</bndbox>
	</object>
</annotation>
