<annotation>
	<folder>img herman</folder>
	<filename>herman-53.JPEG</filename>
	<path>/home/pi/Desktop/img herman/herman-53.JPEG</path>
	<source>
		<database>Unknown</database>
	</source>
	<size>
		<width>1280</width>
		<height>1280</height>
		<depth>3</depth>
	</size>
	<segmented>0</segmented>
	<object>
		<name>circle</name>
		<pose>Unspecified</pose>
		<truncated>0</truncated>
		<difficult>0</difficult>
		<bndbox>
			<xmin>346</xmin>
			<ymin>638</ymin>
			<xmax>542</xmax>
			<ymax>829</ymax>
		</bndbox>
	</object>
	<object>
		<name>square</name>
		<pose>Unspecified</pose>
		<truncated>0</truncated>
		<difficult>0</difficult>
		<bndbox>
			<xmin>457</xmin>
			<ymin>368</ymin>
			<xmax>700</xmax>
			<ymax>611</ymax>
		</bndbox>
	</object>
	<object>
		<name>triangle</name>
		<pose>Unspecified</pose>
		<truncated>0</truncated>
		<difficult>0</difficult>
		<bndbox>
			<xmin>720</xmin>
			<ymin>979</ymin>
			<xmax>904</xmax>
			<ymax>1172</ymax>
		</bndbox>
	</object>
</annotation>
