<annotation>
	<folder>img herman</folder>
	<filename>herman - 99.png</filename>
	<path>/home/pi/Desktop/img herman/herman - 99.png</path>
	<source>
		<database>Unknown</database>
	</source>
	<size>
		<width>1280</width>
		<height>1280</height>
		<depth>3</depth>
	</size>
	<segmented>0</segmented>
	<object>
		<name>circle</name>
		<pose>Unspecified</pose>
		<truncated>0</truncated>
		<difficult>0</difficult>
		<bndbox>
			<xmin>154</xmin>
			<ymin>909</ymin>
			<xmax>365</xmax>
			<ymax>1127</ymax>
		</bndbox>
	</object>
	<object>
		<name>bar</name>
		<pose>Unspecified</pose>
		<truncated>0</truncated>
		<difficult>0</difficult>
		<bndbox>
			<xmin>529</xmin>
			<ymin>612</ymin>
			<xmax>576</xmax>
			<ymax>831</ymax>
		</bndbox>
	</object>
	<object>
		<name>square</name>
		<pose>Unspecified</pose>
		<truncated>0</truncated>
		<difficult>0</difficult>
		<bndbox>
			<xmin>518</xmin>
			<ymin>844</ymin>
			<xmax>791</xmax>
			<ymax>1120</ymax>
		</bndbox>
	</object>
	<object>
		<name>circle</name>
		<pose>Unspecified</pose>
		<truncated>0</truncated>
		<difficult>0</difficult>
		<bndbox>
			<xmin>922</xmin>
			<ymin>614</ymin>
			<xmax>1155</xmax>
			<ymax>835</ymax>
		</bndbox>
	</object>
</annotation>
