<annotation>
	<folder>img herman</folder>
	<filename>herman-145.JPEG</filename>
	<path>/home/pi/Desktop/img herman/herman-145.JPEG</path>
	<source>
		<database>Unknown</database>
	</source>
	<size>
		<width>1280</width>
		<height>1280</height>
		<depth>3</depth>
	</size>
	<segmented>0</segmented>
	<object>
		<name>square</name>
		<pose>Unspecified</pose>
		<truncated>0</truncated>
		<difficult>0</difficult>
		<bndbox>
			<xmin>505</xmin>
			<ymin>101</ymin>
			<xmax>815</xmax>
			<ymax>409</ymax>
		</bndbox>
	</object>
	<object>
		<name>bar</name>
		<pose>Unspecified</pose>
		<truncated>0</truncated>
		<difficult>0</difficult>
		<bndbox>
			<xmin>250</xmin>
			<ymin>1007</ymin>
			<xmax>494</xmax>
			<ymax>1109</ymax>
		</bndbox>
	</object>
	<object>
		<name>bar</name>
		<pose>Unspecified</pose>
		<truncated>0</truncated>
		<difficult>0</difficult>
		<bndbox>
			<xmin>650</xmin>
			<ymin>1075</ymin>
			<xmax>894</xmax>
			<ymax>1196</ymax>
		</bndbox>
	</object>
</annotation>
