<annotation>
	<folder>img herman</folder>
	<filename>herman - 82.png</filename>
	<path>/home/pi/Desktop/img herman/herman - 82.png</path>
	<source>
		<database>Unknown</database>
	</source>
	<size>
		<width>1280</width>
		<height>1280</height>
		<depth>3</depth>
	</size>
	<segmented>0</segmented>
	<object>
		<name>triangle</name>
		<pose>Unspecified</pose>
		<truncated>0</truncated>
		<difficult>0</difficult>
		<bndbox>
			<xmin>446</xmin>
			<ymin>420</ymin>
			<xmax>655</xmax>
			<ymax>648</ymax>
		</bndbox>
	</object>
	<object>
		<name>circle</name>
		<pose>Unspecified</pose>
		<truncated>0</truncated>
		<difficult>0</difficult>
		<bndbox>
			<xmin>513</xmin>
			<ymin>866</ymin>
			<xmax>750</xmax>
			<ymax>1107</ymax>
		</bndbox>
	</object>
	<object>
		<name>bar</name>
		<pose>Unspecified</pose>
		<truncated>0</truncated>
		<difficult>0</difficult>
		<bndbox>
			<xmin>852</xmin>
			<ymin>701</ymin>
			<xmax>1100</xmax>
			<ymax>785</ymax>
		</bndbox>
	</object>
</annotation>
