<annotation>
	<folder>img herman</folder>
	<filename>herman-101.JPEG</filename>
	<path>/home/pi/Desktop/img herman/herman-101.JPEG</path>
	<source>
		<database>Unknown</database>
	</source>
	<size>
		<width>1280</width>
		<height>1280</height>
		<depth>3</depth>
	</size>
	<segmented>0</segmented>
	<object>
		<name>circle</name>
		<pose>Unspecified</pose>
		<truncated>0</truncated>
		<difficult>0</difficult>
		<bndbox>
			<xmin>574</xmin>
			<ymin>485</ymin>
			<xmax>829</xmax>
			<ymax>740</ymax>
		</bndbox>
	</object>
	<object>
		<name>circle</name>
		<pose>Unspecified</pose>
		<truncated>0</truncated>
		<difficult>0</difficult>
		<bndbox>
			<xmin>504</xmin>
			<ymin>966</ymin>
			<xmax>767</xmax>
			<ymax>1233</ymax>
		</bndbox>
	</object>
	<object>
		<name>bar</name>
		<pose>Unspecified</pose>
		<truncated>0</truncated>
		<difficult>0</difficult>
		<bndbox>
			<xmin>1017</xmin>
			<ymin>629</ymin>
			<xmax>1198</xmax>
			<ymax>881</ymax>
		</bndbox>
	</object>
</annotation>
