<annotation>
	<folder>img herman</folder>
	<filename>herman - 181.png</filename>
	<path>/home/pi/Desktop/img herman/herman - 181.png</path>
	<source>
		<database>Unknown</database>
	</source>
	<size>
		<width>1280</width>
		<height>1280</height>
		<depth>3</depth>
	</size>
	<segmented>0</segmented>
	<object>
		<name>triangle</name>
		<pose>Unspecified</pose>
		<truncated>0</truncated>
		<difficult>0</difficult>
		<bndbox>
			<xmin>29</xmin>
			<ymin>368</ymin>
			<xmax>270</xmax>
			<ymax>579</ymax>
		</bndbox>
	</object>
	<object>
		<name>circle</name>
		<pose>Unspecified</pose>
		<truncated>0</truncated>
		<difficult>0</difficult>
		<bndbox>
			<xmin>357</xmin>
			<ymin>394</ymin>
			<xmax>587</xmax>
			<ymax>612</ymax>
		</bndbox>
	</object>
	<object>
		<name>bar</name>
		<pose>Unspecified</pose>
		<truncated>0</truncated>
		<difficult>0</difficult>
		<bndbox>
			<xmin>248</xmin>
			<ymin>761</ymin>
			<xmax>481</xmax>
			<ymax>868</ymax>
		</bndbox>
	</object>
</annotation>
