<annotation>
	<folder>img herman</folder>
	<filename>herman - 8.png</filename>
	<path>/home/pi/Desktop/img herman/herman - 8.png</path>
	<source>
		<database>Unknown</database>
	</source>
	<size>
		<width>1280</width>
		<height>1280</height>
		<depth>3</depth>
	</size>
	<segmented>0</segmented>
	<object>
		<name>bar</name>
		<pose>Unspecified</pose>
		<truncated>0</truncated>
		<difficult>0</difficult>
		<bndbox>
			<xmin>291</xmin>
			<ymin>811</ymin>
			<xmax>467</xmax>
			<ymax>970</ymax>
		</bndbox>
	</object>
	<object>
		<name>triangle</name>
		<pose>Unspecified</pose>
		<truncated>0</truncated>
		<difficult>0</difficult>
		<bndbox>
			<xmin>665</xmin>
			<ymin>616</ymin>
			<xmax>859</xmax>
			<ymax>799</ymax>
		</bndbox>
	</object>
	<object>
		<name>square</name>
		<pose>Unspecified</pose>
		<truncated>0</truncated>
		<difficult>0</difficult>
		<bndbox>
			<xmin>257</xmin>
			<ymin>355</ymin>
			<xmax>544</xmax>
			<ymax>640</ymax>
		</bndbox>
	</object>
</annotation>
