<annotation>
	<folder>img herman</folder>
	<filename>herman - 151.png</filename>
	<path>/home/pi/Desktop/img herman/herman - 151.png</path>
	<source>
		<database>Unknown</database>
	</source>
	<size>
		<width>1280</width>
		<height>1280</height>
		<depth>3</depth>
	</size>
	<segmented>0</segmented>
	<object>
		<name>bar</name>
		<pose>Unspecified</pose>
		<truncated>0</truncated>
		<difficult>0</difficult>
		<bndbox>
			<xmin>463</xmin>
			<ymin>375</ymin>
			<xmax>776</xmax>
			<ymax>518</ymax>
		</bndbox>
	</object>
	<object>
		<name>bar</name>
		<pose>Unspecified</pose>
		<truncated>0</truncated>
		<difficult>0</difficult>
		<bndbox>
			<xmin>272</xmin>
			<ymin>681</ymin>
			<xmax>581</xmax>
			<ymax>799</ymax>
		</bndbox>
	</object>
	<object>
		<name>bar</name>
		<pose>Unspecified</pose>
		<truncated>0</truncated>
		<difficult>0</difficult>
		<bndbox>
			<xmin>381</xmin>
			<ymin>1005</ymin>
			<xmax>679</xmax>
			<ymax>1194</ymax>
		</bndbox>
	</object>
</annotation>
