<annotation>
	<folder>img herman</folder>
	<filename>herman - 50.png</filename>
	<path>/home/pi/Desktop/img herman/herman - 50.png</path>
	<source>
		<database>Unknown</database>
	</source>
	<size>
		<width>1280</width>
		<height>1280</height>
		<depth>3</depth>
	</size>
	<segmented>0</segmented>
	<object>
		<name>circle</name>
		<pose>Unspecified</pose>
		<truncated>0</truncated>
		<difficult>0</difficult>
		<bndbox>
			<xmin>207</xmin>
			<ymin>507</ymin>
			<xmax>413</xmax>
			<ymax>709</ymax>
		</bndbox>
	</object>
	<object>
		<name>triangle</name>
		<pose>Unspecified</pose>
		<truncated>0</truncated>
		<difficult>0</difficult>
		<bndbox>
			<xmin>591</xmin>
			<ymin>857</ymin>
			<xmax>770</xmax>
			<ymax>1051</ymax>
		</bndbox>
	</object>
</annotation>
