<annotation>
	<folder>img herman</folder>
	<filename>herman - 120.png</filename>
	<path>/home/pi/Desktop/img herman/herman - 120.png</path>
	<source>
		<database>Unknown</database>
	</source>
	<size>
		<width>1280</width>
		<height>1280</height>
		<depth>3</depth>
	</size>
	<segmented>0</segmented>
	<object>
		<name>square</name>
		<pose>Unspecified</pose>
		<truncated>0</truncated>
		<difficult>0</difficult>
		<bndbox>
			<xmin>654</xmin>
			<ymin>773</ymin>
			<xmax>911</xmax>
			<ymax>1033</ymax>
		</bndbox>
	</object>
</annotation>
