<annotation>
	<folder>img herman</folder>
	<filename>herman-39.JPEG</filename>
	<path>/home/pi/Desktop/img herman/herman-39.JPEG</path>
	<source>
		<database>Unknown</database>
	</source>
	<size>
		<width>1280</width>
		<height>1280</height>
		<depth>3</depth>
	</size>
	<segmented>0</segmented>
	<object>
		<name>square</name>
		<pose>Unspecified</pose>
		<truncated>0</truncated>
		<difficult>0</difficult>
		<bndbox>
			<xmin>604</xmin>
			<ymin>594</ymin>
			<xmax>905</xmax>
			<ymax>898</ymax>
		</bndbox>
	</object>
	<object>
		<name>circle</name>
		<pose>Unspecified</pose>
		<truncated>0</truncated>
		<difficult>0</difficult>
		<bndbox>
			<xmin>437</xmin>
			<ymin>801</ymin>
			<xmax>654</xmax>
			<ymax>1022</ymax>
		</bndbox>
	</object>
	<object>
		<name>triangle</name>
		<pose>Unspecified</pose>
		<truncated>0</truncated>
		<difficult>0</difficult>
		<bndbox>
			<xmin>146</xmin>
			<ymin>957</ymin>
			<xmax>357</xmax>
			<ymax>1173</ymax>
		</bndbox>
	</object>
</annotation>
