<annotation>
	<folder>img herman</folder>
	<filename>herman-59.JPEG</filename>
	<path>/home/pi/Desktop/img herman/herman-59.JPEG</path>
	<source>
		<database>Unknown</database>
	</source>
	<size>
		<width>1280</width>
		<height>1280</height>
		<depth>3</depth>
	</size>
	<segmented>0</segmented>
	<object>
		<name>triangle</name>
		<pose>Unspecified</pose>
		<truncated>0</truncated>
		<difficult>0</difficult>
		<bndbox>
			<xmin>248</xmin>
			<ymin>577</ymin>
			<xmax>402</xmax>
			<ymax>742</ymax>
		</bndbox>
	</object>
	<object>
		<name>square</name>
		<pose>Unspecified</pose>
		<truncated>0</truncated>
		<difficult>0</difficult>
		<bndbox>
			<xmin>420</xmin>
			<ymin>636</ymin>
			<xmax>655</xmax>
			<ymax>872</ymax>
		</bndbox>
	</object>
	<object>
		<name>bar</name>
		<pose>Unspecified</pose>
		<truncated>0</truncated>
		<difficult>0</difficult>
		<bndbox>
			<xmin>226</xmin>
			<ymin>836</ymin>
			<xmax>383</xmax>
			<ymax>996</ymax>
		</bndbox>
	</object>
</annotation>
