<annotation>
	<folder>img herman</folder>
	<filename>herman - 161.png</filename>
	<path>/home/pi/Desktop/img herman/herman - 161.png</path>
	<source>
		<database>Unknown</database>
	</source>
	<size>
		<width>1280</width>
		<height>1280</height>
		<depth>3</depth>
	</size>
	<segmented>0</segmented>
	<object>
		<name>triangle</name>
		<pose>Unspecified</pose>
		<truncated>0</truncated>
		<difficult>0</difficult>
		<bndbox>
			<xmin>115</xmin>
			<ymin>349</ymin>
			<xmax>370</xmax>
			<ymax>616</ymax>
		</bndbox>
	</object>
	<object>
		<name>bar</name>
		<pose>Unspecified</pose>
		<truncated>0</truncated>
		<difficult>0</difficult>
		<bndbox>
			<xmin>613</xmin>
			<ymin>507</ymin>
			<xmax>885</xmax>
			<ymax>635</ymax>
		</bndbox>
	</object>
</annotation>
