<annotation>
	<folder>img herman</folder>
	<filename>herman - 167.png</filename>
	<path>/home/pi/Desktop/img herman/herman - 167.png</path>
	<source>
		<database>Unknown</database>
	</source>
	<size>
		<width>1280</width>
		<height>1280</height>
		<depth>3</depth>
	</size>
	<segmented>0</segmented>
	<object>
		<name>square</name>
		<pose>Unspecified</pose>
		<truncated>0</truncated>
		<difficult>0</difficult>
		<bndbox>
			<xmin>311</xmin>
			<ymin>377</ymin>
			<xmax>604</xmax>
			<ymax>670</ymax>
		</bndbox>
	</object>
	<object>
		<name>bar</name>
		<pose>Unspecified</pose>
		<truncated>0</truncated>
		<difficult>0</difficult>
		<bndbox>
			<xmin>841</xmin>
			<ymin>507</ymin>
			<xmax>907</xmax>
			<ymax>735</ymax>
		</bndbox>
	</object>
	<object>
		<name>circle</name>
		<pose>Unspecified</pose>
		<truncated>0</truncated>
		<difficult>0</difficult>
		<bndbox>
			<xmin>357</xmin>
			<ymin>857</ymin>
			<xmax>581</xmax>
			<ymax>1070</ymax>
		</bndbox>
	</object>
</annotation>
