<annotation>
	<folder>img herman</folder>
	<filename>herman-29.JPEG</filename>
	<path>/home/pi/Desktop/img herman/herman-29.JPEG</path>
	<source>
		<database>Unknown</database>
	</source>
	<size>
		<width>1280</width>
		<height>1280</height>
		<depth>3</depth>
	</size>
	<segmented>0</segmented>
	<object>
		<name>circle</name>
		<pose>Unspecified</pose>
		<truncated>0</truncated>
		<difficult>0</difficult>
		<bndbox>
			<xmin>475</xmin>
			<ymin>505</ymin>
			<xmax>661</xmax>
			<ymax>686</ymax>
		</bndbox>
	</object>
	<object>
		<name>triangle</name>
		<pose>Unspecified</pose>
		<truncated>0</truncated>
		<difficult>0</difficult>
		<bndbox>
			<xmin>433</xmin>
			<ymin>731</ymin>
			<xmax>609</xmax>
			<ymax>914</ymax>
		</bndbox>
	</object>
	<object>
		<name>bar</name>
		<pose>Unspecified</pose>
		<truncated>0</truncated>
		<difficult>0</difficult>
		<bndbox>
			<xmin>509</xmin>
			<ymin>222</ymin>
			<xmax>676</xmax>
			<ymax>373</ymax>
		</bndbox>
	</object>
</annotation>
