<annotation>
	<folder>img herman</folder>
	<filename>herman-91.JPEG</filename>
	<path>/home/pi/Desktop/img herman/herman-91.JPEG</path>
	<source>
		<database>Unknown</database>
	</source>
	<size>
		<width>1280</width>
		<height>1280</height>
		<depth>3</depth>
	</size>
	<segmented>0</segmented>
	<object>
		<name>circle</name>
		<pose>Unspecified</pose>
		<truncated>0</truncated>
		<difficult>0</difficult>
		<bndbox>
			<xmin>724</xmin>
			<ymin>805</ymin>
			<xmax>1044</xmax>
			<ymax>1122</ymax>
		</bndbox>
	</object>
	<object>
		<name>triangle</name>
		<pose>Unspecified</pose>
		<truncated>0</truncated>
		<difficult>0</difficult>
		<bndbox>
			<xmin>815</xmin>
			<ymin>229</ymin>
			<xmax>1135</xmax>
			<ymax>505</ymax>
		</bndbox>
	</object>
</annotation>
