<annotation>
	<folder>img herman</folder>
	<filename>herman - 63.png</filename>
	<path>/home/pi/Desktop/img herman/herman - 63.png</path>
	<source>
		<database>Unknown</database>
	</source>
	<size>
		<width>1280</width>
		<height>1280</height>
		<depth>3</depth>
	</size>
	<segmented>0</segmented>
	<object>
		<name>square</name>
		<pose>Unspecified</pose>
		<truncated>0</truncated>
		<difficult>0</difficult>
		<bndbox>
			<xmin>344</xmin>
			<ymin>312</ymin>
			<xmax>622</xmax>
			<ymax>592</ymax>
		</bndbox>
	</object>
	<object>
		<name>square</name>
		<pose>Unspecified</pose>
		<truncated>0</truncated>
		<difficult>0</difficult>
		<bndbox>
			<xmin>529</xmin>
			<ymin>631</ymin>
			<xmax>824</xmax>
			<ymax>925</ymax>
		</bndbox>
	</object>
	<object>
		<name>circle</name>
		<pose>Unspecified</pose>
		<truncated>0</truncated>
		<difficult>0</difficult>
		<bndbox>
			<xmin>328</xmin>
			<ymin>871</ymin>
			<xmax>541</xmax>
			<ymax>1098</ymax>
		</bndbox>
	</object>
</annotation>
