<annotation>
	<folder>img herman</folder>
	<filename>herman-175.JPEG</filename>
	<path>/home/pi/Desktop/img herman/herman-175.JPEG</path>
	<source>
		<database>Unknown</database>
	</source>
	<size>
		<width>1280</width>
		<height>1280</height>
		<depth>3</depth>
	</size>
	<segmented>0</segmented>
	<object>
		<name>triangle</name>
		<pose>Unspecified</pose>
		<truncated>0</truncated>
		<difficult>0</difficult>
		<bndbox>
			<xmin>254</xmin>
			<ymin>386</ymin>
			<xmax>487</xmax>
			<ymax>642</ymax>
		</bndbox>
	</object>
	<object>
		<name>circle</name>
		<pose>Unspecified</pose>
		<truncated>0</truncated>
		<difficult>0</difficult>
		<bndbox>
			<xmin>970</xmin>
			<ymin>509</ymin>
			<xmax>1233</xmax>
			<ymax>768</ymax>
		</bndbox>
	</object>
</annotation>
