<annotation>
	<folder>img herman</folder>
	<filename>herman-128.JPEG</filename>
	<path>/home/pi/Desktop/img herman/herman-128.JPEG</path>
	<source>
		<database>Unknown</database>
	</source>
	<size>
		<width>1280</width>
		<height>1280</height>
		<depth>3</depth>
	</size>
	<segmented>0</segmented>
	<object>
		<name>circle</name>
		<pose>Unspecified</pose>
		<truncated>0</truncated>
		<difficult>0</difficult>
		<bndbox>
			<xmin>168</xmin>
			<ymin>490</ymin>
			<xmax>505</xmax>
			<ymax>831</ymax>
		</bndbox>
	</object>
	<object>
		<name>square</name>
		<pose>Unspecified</pose>
		<truncated>0</truncated>
		<difficult>0</difficult>
		<bndbox>
			<xmin>585</xmin>
			<ymin>425</ymin>
			<xmax>957</xmax>
			<ymax>794</ymax>
		</bndbox>
	</object>
</annotation>
