<annotation>
	<folder>img herman</folder>
	<filename>herman-112.JPEG</filename>
	<path>/home/pi/Desktop/img herman/herman-112.JPEG</path>
	<source>
		<database>Unknown</database>
	</source>
	<size>
		<width>1280</width>
		<height>1280</height>
		<depth>3</depth>
	</size>
	<segmented>0</segmented>
	<object>
		<name>triangle</name>
		<pose>Unspecified</pose>
		<truncated>0</truncated>
		<difficult>0</difficult>
		<bndbox>
			<xmin>248</xmin>
			<ymin>346</ymin>
			<xmax>452</xmax>
			<ymax>583</ymax>
		</bndbox>
	</object>
	<object>
		<name>square</name>
		<pose>Unspecified</pose>
		<truncated>0</truncated>
		<difficult>0</difficult>
		<bndbox>
			<xmin>883</xmin>
			<ymin>299</ymin>
			<xmax>1172</xmax>
			<ymax>573</ymax>
		</bndbox>
	</object>
</annotation>
