<annotation>
	<folder>img herman</folder>
	<filename>herman-113.JPEG</filename>
	<path>/home/pi/Desktop/img herman/herman-113.JPEG</path>
	<source>
		<database>Unknown</database>
	</source>
	<size>
		<width>1280</width>
		<height>1280</height>
		<depth>3</depth>
	</size>
	<segmented>0</segmented>
	<object>
		<name>circle</name>
		<pose>Unspecified</pose>
		<truncated>0</truncated>
		<difficult>0</difficult>
		<bndbox>
			<xmin>352</xmin>
			<ymin>720</ymin>
			<xmax>611</xmax>
			<ymax>985</ymax>
		</bndbox>
	</object>
	<object>
		<name>bar</name>
		<pose>Unspecified</pose>
		<truncated>0</truncated>
		<difficult>0</difficult>
		<bndbox>
			<xmin>617</xmin>
			<ymin>566</ymin>
			<xmax>737</xmax>
			<ymax>829</ymax>
		</bndbox>
	</object>
	<object>
		<name>triangle</name>
		<pose>Unspecified</pose>
		<truncated>0</truncated>
		<difficult>0</difficult>
		<bndbox>
			<xmin>883</xmin>
			<ymin>581</ymin>
			<xmax>1120</xmax>
			<ymax>838</ymax>
		</bndbox>
	</object>
</annotation>
