<annotation>
	<folder>img herman</folder>
	<filename>herman - 23.png</filename>
	<path>/home/pi/Desktop/img herman/herman - 23.png</path>
	<source>
		<database>Unknown</database>
	</source>
	<size>
		<width>1280</width>
		<height>1280</height>
		<depth>3</depth>
	</size>
	<segmented>0</segmented>
	<object>
		<name>square</name>
		<pose>Unspecified</pose>
		<truncated>0</truncated>
		<difficult>0</difficult>
		<bndbox>
			<xmin>717</xmin>
			<ymin>559</ymin>
			<xmax>976</xmax>
			<ymax>816</ymax>
		</bndbox>
	</object>
	<object>
		<name>square</name>
		<pose>Unspecified</pose>
		<truncated>0</truncated>
		<difficult>0</difficult>
		<bndbox>
			<xmin>629</xmin>
			<ymin>836</ymin>
			<xmax>883</xmax>
			<ymax>1077</ymax>
		</bndbox>
	</object>
	<object>
		<name>bar</name>
		<pose>Unspecified</pose>
		<truncated>0</truncated>
		<difficult>0</difficult>
		<bndbox>
			<xmin>455</xmin>
			<ymin>688</ymin>
			<xmax>659</xmax>
			<ymax>803</ymax>
		</bndbox>
	</object>
</annotation>
