<annotation>
	<folder>img herman</folder>
	<filename>herman-142.JPEG</filename>
	<path>/home/pi/Desktop/img herman/herman-142.JPEG</path>
	<source>
		<database>Unknown</database>
	</source>
	<size>
		<width>1280</width>
		<height>1280</height>
		<depth>3</depth>
	</size>
	<segmented>0</segmented>
	<object>
		<name>triangle</name>
		<pose>Unspecified</pose>
		<truncated>0</truncated>
		<difficult>0</difficult>
		<bndbox>
			<xmin>292</xmin>
			<ymin>464</ymin>
			<xmax>511</xmax>
			<ymax>690</ymax>
		</bndbox>
	</object>
	<object>
		<name>circle</name>
		<pose>Unspecified</pose>
		<truncated>0</truncated>
		<difficult>0</difficult>
		<bndbox>
			<xmin>618</xmin>
			<ymin>540</ymin>
			<xmax>859</xmax>
			<ymax>783</ymax>
		</bndbox>
	</object>
	<object>
		<name>circle</name>
		<pose>Unspecified</pose>
		<truncated>0</truncated>
		<difficult>0</difficult>
		<bndbox>
			<xmin>583</xmin>
			<ymin>146</ymin>
			<xmax>824</xmax>
			<ymax>386</ymax>
		</bndbox>
	</object>
</annotation>
