<annotation>
	<folder>img herman</folder>
	<filename>herman-116.JPEG</filename>
	<path>/home/pi/Desktop/img herman/herman-116.JPEG</path>
	<source>
		<database>Unknown</database>
	</source>
	<size>
		<width>1280</width>
		<height>1280</height>
		<depth>3</depth>
	</size>
	<segmented>0</segmented>
	<object>
		<name>circle</name>
		<pose>Unspecified</pose>
		<truncated>0</truncated>
		<difficult>0</difficult>
		<bndbox>
			<xmin>613</xmin>
			<ymin>477</ymin>
			<xmax>818</xmax>
			<ymax>681</ymax>
		</bndbox>
	</object>
	<object>
		<name>circle</name>
		<pose>Unspecified</pose>
		<truncated>0</truncated>
		<difficult>0</difficult>
		<bndbox>
			<xmin>468</xmin>
			<ymin>927</ymin>
			<xmax>670</xmax>
			<ymax>1138</ymax>
		</bndbox>
	</object>
</annotation>
