<annotation>
	<folder>img herman</folder>
	<filename>herman - 129.png</filename>
	<path>/home/pi/Desktop/img herman/herman - 129.png</path>
	<source>
		<database>Unknown</database>
	</source>
	<size>
		<width>1280</width>
		<height>1280</height>
		<depth>3</depth>
	</size>
	<segmented>0</segmented>
	<object>
		<name>square</name>
		<pose>Unspecified</pose>
		<truncated>0</truncated>
		<difficult>0</difficult>
		<bndbox>
			<xmin>261</xmin>
			<ymin>459</ymin>
			<xmax>657</xmax>
			<ymax>859</ymax>
		</bndbox>
	</object>
	<object>
		<name>bar</name>
		<pose>Unspecified</pose>
		<truncated>0</truncated>
		<difficult>0</difficult>
		<bndbox>
			<xmin>602</xmin>
			<ymin>873</ymin>
			<xmax>724</xmax>
			<ymax>1170</ymax>
		</bndbox>
	</object>
</annotation>
