<annotation>
	<folder>img herman</folder>
	<filename>herman - 160.png</filename>
	<path>/home/pi/Desktop/img herman/herman - 160.png</path>
	<source>
		<database>Unknown</database>
	</source>
	<size>
		<width>1280</width>
		<height>1280</height>
		<depth>3</depth>
	</size>
	<segmented>0</segmented>
	<object>
		<name>circle</name>
		<pose>Unspecified</pose>
		<truncated>0</truncated>
		<difficult>0</difficult>
		<bndbox>
			<xmin>141</xmin>
			<ymin>699</ymin>
			<xmax>431</xmax>
			<ymax>986</ymax>
		</bndbox>
	</object>
	<object>
		<name>bar</name>
		<pose>Unspecified</pose>
		<truncated>0</truncated>
		<difficult>0</difficult>
		<bndbox>
			<xmin>650</xmin>
			<ymin>625</ymin>
			<xmax>922</xmax>
			<ymax>814</ymax>
		</bndbox>
	</object>
	<object>
		<name>bar</name>
		<pose>Unspecified</pose>
		<truncated>0</truncated>
		<difficult>0</difficult>
		<bndbox>
			<xmin>491</xmin>
			<ymin>985</ymin>
			<xmax>779</xmax>
			<ymax>1133</ymax>
		</bndbox>
	</object>
</annotation>
