<annotation>
	<folder>img herman</folder>
	<filename>herman-149.JPEG</filename>
	<path>/home/pi/Desktop/img herman/herman-149.JPEG</path>
	<source>
		<database>Unknown</database>
	</source>
	<size>
		<width>1280</width>
		<height>1280</height>
		<depth>3</depth>
	</size>
	<segmented>0</segmented>
	<object>
		<name>triangle</name>
		<pose>Unspecified</pose>
		<truncated>0</truncated>
		<difficult>0</difficult>
		<bndbox>
			<xmin>463</xmin>
			<ymin>472</ymin>
			<xmax>707</xmax>
			<ymax>744</ymax>
		</bndbox>
	</object>
	<object>
		<name>circle</name>
		<pose>Unspecified</pose>
		<truncated>0</truncated>
		<difficult>0</difficult>
		<bndbox>
			<xmin>211</xmin>
			<ymin>886</ymin>
			<xmax>504</xmax>
			<ymax>1172</ymax>
		</bndbox>
	</object>
</annotation>
