<annotation>
	<folder>PNG</folder>
	<filename>welsey-106.JPEG</filename>
	<path>/home/pi/Desktop/PNG/welsey-106.JPEG</path>
	<source>
		<database>Unknown</database>
	</source>
	<size>
		<width>1280</width>
		<height>1280</height>
		<depth>3</depth>
	</size>
	<segmented>0</segmented>
	<object>
		<name>bar</name>
		<pose>Unspecified</pose>
		<truncated>0</truncated>
		<difficult>0</difficult>
		<bndbox>
			<xmin>394</xmin>
			<ymin>273</ymin>
			<xmax>563</xmax>
			<ymax>536</ymax>
		</bndbox>
	</object>
	<object>
		<name>circle</name>
		<pose>Unspecified</pose>
		<truncated>0</truncated>
		<difficult>0</difficult>
		<bndbox>
			<xmin>365</xmin>
			<ymin>668</ymin>
			<xmax>637</xmax>
			<ymax>948</ymax>
		</bndbox>
	</object>
</annotation>
