<annotation>
	<folder>PNG</folder>
	<filename>welsey-44.JPEG</filename>
	<path>/home/pi/Desktop/PNG/welsey-44.JPEG</path>
	<source>
		<database>Unknown</database>
	</source>
	<size>
		<width>1280</width>
		<height>1280</height>
		<depth>3</depth>
	</size>
	<segmented>0</segmented>
	<object>
		<name>square</name>
		<pose>Unspecified</pose>
		<truncated>0</truncated>
		<difficult>0</difficult>
		<bndbox>
			<xmin>879</xmin>
			<ymin>294</ymin>
			<xmax>1104</xmax>
			<ymax>503</ymax>
		</bndbox>
	</object>
	<object>
		<name>square</name>
		<pose>Unspecified</pose>
		<truncated>0</truncated>
		<difficult>0</difficult>
		<bndbox>
			<xmin>537</xmin>
			<ymin>661</ymin>
			<xmax>802</xmax>
			<ymax>936</ymax>
		</bndbox>
	</object>
	<object>
		<name>square</name>
		<pose>Unspecified</pose>
		<truncated>0</truncated>
		<difficult>0</difficult>
		<bndbox>
			<xmin>204</xmin>
			<ymin>670</ymin>
			<xmax>409</xmax>
			<ymax>873</ymax>
		</bndbox>
	</object>
</annotation>
