<annotation>
	<folder>PNG</folder>
	<filename>welsey-215.JPEG</filename>
	<path>/home/pi/Desktop/PNG/welsey-215.JPEG</path>
	<source>
		<database>Unknown</database>
	</source>
	<size>
		<width>1280</width>
		<height>1280</height>
		<depth>3</depth>
	</size>
	<segmented>0</segmented>
	<object>
		<name>circle</name>
		<pose>Unspecified</pose>
		<truncated>0</truncated>
		<difficult>0</difficult>
		<bndbox>
			<xmin>650</xmin>
			<ymin>177</ymin>
			<xmax>928</xmax>
			<ymax>455</ymax>
		</bndbox>
	</object>
	<object>
		<name>circle</name>
		<pose>Unspecified</pose>
		<truncated>0</truncated>
		<difficult>0</difficult>
		<bndbox>
			<xmin>567</xmin>
			<ymin>655</ymin>
			<xmax>854</xmax>
			<ymax>936</ymax>
		</bndbox>
	</object>
	<object>
		<name>bar</name>
		<pose>Unspecified</pose>
		<truncated>0</truncated>
		<difficult>0</difficult>
		<bndbox>
			<xmin>233</xmin>
			<ymin>822</ymin>
			<xmax>526</xmax>
			<ymax>1014</ymax>
		</bndbox>
	</object>
</annotation>
