<annotation>
	<folder>PNG</folder>
	<filename>welsey-233.JPEG</filename>
	<path>/home/pi/Desktop/PNG/welsey-233.JPEG</path>
	<source>
		<database>Unknown</database>
	</source>
	<size>
		<width>1280</width>
		<height>1280</height>
		<depth>3</depth>
	</size>
	<segmented>0</segmented>
	<object>
		<name>circle</name>
		<pose>Unspecified</pose>
		<truncated>0</truncated>
		<difficult>0</difficult>
		<bndbox>
			<xmin>296</xmin>
			<ymin>61</ymin>
			<xmax>567</xmax>
			<ymax>305</ymax>
		</bndbox>
	</object>
	<object>
		<name>bar</name>
		<pose>Unspecified</pose>
		<truncated>0</truncated>
		<difficult>0</difficult>
		<bndbox>
			<xmin>283</xmin>
			<ymin>611</ymin>
			<xmax>426</xmax>
			<ymax>903</ymax>
		</bndbox>
	</object>
	<object>
		<name>square</name>
		<pose>Unspecified</pose>
		<truncated>0</truncated>
		<difficult>0</difficult>
		<bndbox>
			<xmin>646</xmin>
			<ymin>801</ymin>
			<xmax>1072</xmax>
			<ymax>1238</ymax>
		</bndbox>
	</object>
</annotation>
