<annotation>
	<folder>PNG</folder>
	<filename>welsey-131.JPEG</filename>
	<path>/home/pi/Desktop/PNG/welsey-131.JPEG</path>
	<source>
		<database>Unknown</database>
	</source>
	<size>
		<width>1280</width>
		<height>1280</height>
		<depth>3</depth>
	</size>
	<segmented>0</segmented>
	<object>
		<name>square</name>
		<pose>Unspecified</pose>
		<truncated>0</truncated>
		<difficult>0</difficult>
		<bndbox>
			<xmin>431</xmin>
			<ymin>459</ymin>
			<xmax>676</xmax>
			<ymax>705</ymax>
		</bndbox>
	</object>
	<object>
		<name>bar</name>
		<pose>Unspecified</pose>
		<truncated>0</truncated>
		<difficult>0</difficult>
		<bndbox>
			<xmin>518</xmin>
			<ymin>766</ymin>
			<xmax>709</xmax>
			<ymax>805</ymax>
		</bndbox>
	</object>
	<object>
		<name>triangle</name>
		<pose>Unspecified</pose>
		<truncated>0</truncated>
		<difficult>0</difficult>
		<bndbox>
			<xmin>676</xmin>
			<ymin>599</ymin>
			<xmax>857</xmax>
			<ymax>762</ymax>
		</bndbox>
	</object>
</annotation>
