<annotation>
	<folder>PNG</folder>
	<filename>welsey-54.JPEG</filename>
	<path>/home/pi/Desktop/PNG/welsey-54.JPEG</path>
	<source>
		<database>Unknown</database>
	</source>
	<size>
		<width>1280</width>
		<height>1280</height>
		<depth>3</depth>
	</size>
	<segmented>0</segmented>
	<object>
		<name>square</name>
		<pose>Unspecified</pose>
		<truncated>0</truncated>
		<difficult>0</difficult>
		<bndbox>
			<xmin>298</xmin>
			<ymin>396</ymin>
			<xmax>563</xmax>
			<ymax>661</ymax>
		</bndbox>
	</object>
	<object>
		<name>circle</name>
		<pose>Unspecified</pose>
		<truncated>0</truncated>
		<difficult>0</difficult>
		<bndbox>
			<xmin>885</xmin>
			<ymin>472</ymin>
			<xmax>1126</xmax>
			<ymax>716</ymax>
		</bndbox>
	</object>
	<object>
		<name>circle</name>
		<pose>Unspecified</pose>
		<truncated>0</truncated>
		<difficult>0</difficult>
		<bndbox>
			<xmin>596</xmin>
			<ymin>822</ymin>
			<xmax>837</xmax>
			<ymax>1064</ymax>
		</bndbox>
	</object>
</annotation>
