<annotation>
	<folder>PNG</folder>
	<filename>welsey-68.JPEG</filename>
	<path>/home/pi/Desktop/PNG/welsey-68.JPEG</path>
	<source>
		<database>Unknown</database>
	</source>
	<size>
		<width>1280</width>
		<height>1280</height>
		<depth>3</depth>
	</size>
	<segmented>0</segmented>
	<object>
		<name>circle</name>
		<pose>Unspecified</pose>
		<truncated>0</truncated>
		<difficult>0</difficult>
		<bndbox>
			<xmin>729</xmin>
			<ymin>581</ymin>
			<xmax>1004</xmax>
			<ymax>853</ymax>
		</bndbox>
	</object>
	<object>
		<name>triangle</name>
		<pose>Unspecified</pose>
		<truncated>0</truncated>
		<difficult>0</difficult>
		<bndbox>
			<xmin>304</xmin>
			<ymin>631</ymin>
			<xmax>579</xmax>
			<ymax>875</ymax>
		</bndbox>
	</object>
	<object>
		<name>bar</name>
		<pose>Unspecified</pose>
		<truncated>0</truncated>
		<difficult>0</difficult>
		<bndbox>
			<xmin>563</xmin>
			<ymin>394</ymin>
			<xmax>835</xmax>
			<ymax>525</ymax>
		</bndbox>
	</object>
</annotation>
