<annotation>
	<folder>PNG</folder>
	<filename>welsey-127.JPEG</filename>
	<path>/home/pi/Desktop/PNG/welsey-127.JPEG</path>
	<source>
		<database>Unknown</database>
	</source>
	<size>
		<width>1280</width>
		<height>1280</height>
		<depth>3</depth>
	</size>
	<segmented>0</segmented>
	<object>
		<name>square</name>
		<pose>Unspecified</pose>
		<truncated>0</truncated>
		<difficult>0</difficult>
		<bndbox>
			<xmin>372</xmin>
			<ymin>220</ymin>
			<xmax>728</xmax>
			<ymax>572</ymax>
		</bndbox>
	</object>
	<object>
		<name>square</name>
		<pose>Unspecified</pose>
		<truncated>0</truncated>
		<difficult>0</difficult>
		<bndbox>
			<xmin>520</xmin>
			<ymin>466</ymin>
			<xmax>874</xmax>
			<ymax>814</ymax>
		</bndbox>
	</object>
	<object>
		<name>square</name>
		<pose>Unspecified</pose>
		<truncated>0</truncated>
		<difficult>0</difficult>
		<bndbox>
			<xmin>302</xmin>
			<ymin>803</ymin>
			<xmax>650</xmax>
			<ymax>1153</ymax>
		</bndbox>
	</object>
</annotation>
