<annotation>
	<folder>PNG</folder>
	<filename>welsey-242.JPEG</filename>
	<path>/home/pi/Desktop/PNG/welsey-242.JPEG</path>
	<source>
		<database>Unknown</database>
	</source>
	<size>
		<width>1280</width>
		<height>1280</height>
		<depth>3</depth>
	</size>
	<segmented>0</segmented>
	<object>
		<name>square</name>
		<pose>Unspecified</pose>
		<truncated>0</truncated>
		<difficult>0</difficult>
		<bndbox>
			<xmin>281</xmin>
			<ymin>394</ymin>
			<xmax>661</xmax>
			<ymax>770</ymax>
		</bndbox>
	</object>
	<object>
		<name>circle</name>
		<pose>Unspecified</pose>
		<truncated>0</truncated>
		<difficult>0</difficult>
		<bndbox>
			<xmin>744</xmin>
			<ymin>270</ymin>
			<xmax>1004</xmax>
			<ymax>536</ymax>
		</bndbox>
	</object>
	<object>
		<name>circle</name>
		<pose>Unspecified</pose>
		<truncated>0</truncated>
		<difficult>0</difficult>
		<bndbox>
			<xmin>189</xmin>
			<ymin>735</ymin>
			<xmax>467</xmax>
			<ymax>1007</ymax>
		</bndbox>
	</object>
</annotation>
