<annotation>
	<folder>PNG</folder>
	<filename>welsey-144.JPEG</filename>
	<path>/home/pi/Desktop/PNG/welsey-144.JPEG</path>
	<source>
		<database>Unknown</database>
	</source>
	<size>
		<width>1280</width>
		<height>1280</height>
		<depth>3</depth>
	</size>
	<segmented>0</segmented>
	<object>
		<name>square</name>
		<pose>Unspecified</pose>
		<truncated>0</truncated>
		<difficult>0</difficult>
		<bndbox>
			<xmin>263</xmin>
			<ymin>481</ymin>
			<xmax>555</xmax>
			<ymax>761</ymax>
		</bndbox>
	</object>
	<object>
		<name>bar</name>
		<pose>Unspecified</pose>
		<truncated>0</truncated>
		<difficult>0</difficult>
		<bndbox>
			<xmin>487</xmin>
			<ymin>707</ymin>
			<xmax>663</xmax>
			<ymax>899</ymax>
		</bndbox>
	</object>
	<object>
		<name>triangle</name>
		<pose>Unspecified</pose>
		<truncated>0</truncated>
		<difficult>0</difficult>
		<bndbox>
			<xmin>652</xmin>
			<ymin>394</ymin>
			<xmax>865</xmax>
			<ymax>603</ymax>
		</bndbox>
	</object>
</annotation>
