<annotation>
	<folder>PNG</folder>
	<filename>welsey-259.JPEG</filename>
	<path>/home/pi/Desktop/PNG/welsey-259.JPEG</path>
	<source>
		<database>Unknown</database>
	</source>
	<size>
		<width>1280</width>
		<height>1280</height>
		<depth>3</depth>
	</size>
	<segmented>0</segmented>
	<object>
		<name>square</name>
		<pose>Unspecified</pose>
		<truncated>0</truncated>
		<difficult>0</difficult>
		<bndbox>
			<xmin>235</xmin>
			<ymin>529</ymin>
			<xmax>524</xmax>
			<ymax>816</ymax>
		</bndbox>
	</object>
	<object>
		<name>circle</name>
		<pose>Unspecified</pose>
		<truncated>0</truncated>
		<difficult>0</difficult>
		<bndbox>
			<xmin>626</xmin>
			<ymin>468</ymin>
			<xmax>894</xmax>
			<ymax>738</ymax>
		</bndbox>
	</object>
</annotation>
