<annotation>
	<folder>PNG</folder>
	<filename>welsey-63.JPEG</filename>
	<path>/home/pi/Desktop/PNG/welsey-63.JPEG</path>
	<source>
		<database>Unknown</database>
	</source>
	<size>
		<width>1280</width>
		<height>1280</height>
		<depth>3</depth>
	</size>
	<segmented>0</segmented>
	<object>
		<name>bar</name>
		<pose>Unspecified</pose>
		<truncated>0</truncated>
		<difficult>0</difficult>
		<bndbox>
			<xmin>441</xmin>
			<ymin>446</ymin>
			<xmax>592</xmax>
			<ymax>673</ymax>
		</bndbox>
	</object>
	<object>
		<name>circle</name>
		<pose>Unspecified</pose>
		<truncated>0</truncated>
		<difficult>0</difficult>
		<bndbox>
			<xmin>574</xmin>
			<ymin>794</ymin>
			<xmax>807</xmax>
			<ymax>1035</ymax>
		</bndbox>
	</object>
</annotation>
