<annotation>
	<folder>PNG</folder>
	<filename>welsey-112.JPEG</filename>
	<path>/home/pi/Desktop/PNG/welsey-112.JPEG</path>
	<source>
		<database>Unknown</database>
	</source>
	<size>
		<width>1280</width>
		<height>1280</height>
		<depth>3</depth>
	</size>
	<segmented>0</segmented>
	<object>
		<name>square</name>
		<pose>Unspecified</pose>
		<truncated>0</truncated>
		<difficult>0</difficult>
		<bndbox>
			<xmin>328</xmin>
			<ymin>325</ymin>
			<xmax>607</xmax>
			<ymax>601</ymax>
		</bndbox>
	</object>
	<object>
		<name>bar</name>
		<pose>Unspecified</pose>
		<truncated>0</truncated>
		<difficult>0</difficult>
		<bndbox>
			<xmin>696</xmin>
			<ymin>477</ymin>
			<xmax>815</xmax>
			<ymax>729</ymax>
		</bndbox>
	</object>
</annotation>
