<annotation>
	<folder>PNG</folder>
	<filename>welsey-208.JPEG</filename>
	<path>/home/pi/Desktop/PNG/welsey-208.JPEG</path>
	<source>
		<database>Unknown</database>
	</source>
	<size>
		<width>1280</width>
		<height>1280</height>
		<depth>3</depth>
	</size>
	<segmented>0</segmented>
	<object>
		<name>square</name>
		<pose>Unspecified</pose>
		<truncated>0</truncated>
		<difficult>0</difficult>
		<bndbox>
			<xmin>337</xmin>
			<ymin>175</ymin>
			<xmax>618</xmax>
			<ymax>462</ymax>
		</bndbox>
	</object>
	<object>
		<name>square</name>
		<pose>Unspecified</pose>
		<truncated>0</truncated>
		<difficult>0</difficult>
		<bndbox>
			<xmin>500</xmin>
			<ymin>757</ymin>
			<xmax>892</xmax>
			<ymax>1155</ymax>
		</bndbox>
	</object>
	<object>
		<name>circle</name>
		<pose>Unspecified</pose>
		<truncated>0</truncated>
		<difficult>0</difficult>
		<bndbox>
			<xmin>254</xmin>
			<ymin>672</ymin>
			<xmax>526</xmax>
			<ymax>948</ymax>
		</bndbox>
	</object>
</annotation>
