<annotation>
	<folder>PNG</folder>
	<filename>welsey-117.JPEG</filename>
	<path>/home/pi/Desktop/PNG/welsey-117.JPEG</path>
	<source>
		<database>Unknown</database>
	</source>
	<size>
		<width>1280</width>
		<height>1280</height>
		<depth>3</depth>
	</size>
	<segmented>0</segmented>
	<object>
		<name>circle</name>
		<pose>Unspecified</pose>
		<truncated>0</truncated>
		<difficult>0</difficult>
		<bndbox>
			<xmin>328</xmin>
			<ymin>442</ymin>
			<xmax>685</xmax>
			<ymax>801</ymax>
		</bndbox>
	</object>
	<object>
		<name>bar</name>
		<pose>Unspecified</pose>
		<truncated>0</truncated>
		<difficult>0</difficult>
		<bndbox>
			<xmin>715</xmin>
			<ymin>846</ymin>
			<xmax>1102</xmax>
			<ymax>977</ymax>
		</bndbox>
	</object>
</annotation>
