<annotation>
	<folder>PNG</folder>
	<filename>welsey-5.JPEG</filename>
	<path>/home/pi/Desktop/PNG/welsey-5.JPEG</path>
	<source>
		<database>Unknown</database>
	</source>
	<size>
		<width>1280</width>
		<height>1280</height>
		<depth>3</depth>
	</size>
	<segmented>0</segmented>
	<object>
		<name>circle</name>
		<pose>Unspecified</pose>
		<truncated>0</truncated>
		<difficult>0</difficult>
		<bndbox>
			<xmin>187</xmin>
			<ymin>357</ymin>
			<xmax>472</xmax>
			<ymax>559</ymax>
		</bndbox>
	</object>
	<object>
		<name>square</name>
		<pose>Unspecified</pose>
		<truncated>0</truncated>
		<difficult>0</difficult>
		<bndbox>
			<xmin>744</xmin>
			<ymin>355</ymin>
			<xmax>1042</xmax>
			<ymax>596</ymax>
		</bndbox>
	</object>
</annotation>
