<annotation>
	<folder>PNG</folder>
	<filename>welsey-59.JPEG</filename>
	<path>/home/pi/Desktop/PNG/welsey-59.JPEG</path>
	<source>
		<database>Unknown</database>
	</source>
	<size>
		<width>1280</width>
		<height>1280</height>
		<depth>3</depth>
	</size>
	<segmented>0</segmented>
	<object>
		<name>circle</name>
		<pose>Unspecified</pose>
		<truncated>0</truncated>
		<difficult>0</difficult>
		<bndbox>
			<xmin>520</xmin>
			<ymin>485</ymin>
			<xmax>713</xmax>
			<ymax>679</ymax>
		</bndbox>
	</object>
	<object>
		<name>square</name>
		<pose>Unspecified</pose>
		<truncated>0</truncated>
		<difficult>0</difficult>
		<bndbox>
			<xmin>231</xmin>
			<ymin>611</ymin>
			<xmax>491</xmax>
			<ymax>879</ymax>
		</bndbox>
	</object>
	<object>
		<name>square</name>
		<pose>Unspecified</pose>
		<truncated>0</truncated>
		<difficult>0</difficult>
		<bndbox>
			<xmin>631</xmin>
			<ymin>764</ymin>
			<xmax>905</xmax>
			<ymax>1038</ymax>
		</bndbox>
	</object>
</annotation>
