<annotation>
	<folder>PNG</folder>
	<filename>welsey-203.JPEG</filename>
	<path>/home/pi/Desktop/PNG/welsey-203.JPEG</path>
	<source>
		<database>Unknown</database>
	</source>
	<size>
		<width>1280</width>
		<height>1280</height>
		<depth>3</depth>
	</size>
	<segmented>0</segmented>
	<object>
		<name>square</name>
		<pose>Unspecified</pose>
		<truncated>0</truncated>
		<difficult>0</difficult>
		<bndbox>
			<xmin>237</xmin>
			<ymin>486</ymin>
			<xmax>485</xmax>
			<ymax>735</ymax>
		</bndbox>
	</object>
	<object>
		<name>circle</name>
		<pose>Unspecified</pose>
		<truncated>0</truncated>
		<difficult>0</difficult>
		<bndbox>
			<xmin>739</xmin>
			<ymin>436</ymin>
			<xmax>961</xmax>
			<ymax>657</ymax>
		</bndbox>
	</object>
	<object>
		<name>circle</name>
		<pose>Unspecified</pose>
		<truncated>0</truncated>
		<difficult>0</difficult>
		<bndbox>
			<xmin>605</xmin>
			<ymin>792</ymin>
			<xmax>831</xmax>
			<ymax>1029</ymax>
		</bndbox>
	</object>
</annotation>
