<annotation>
	<folder>PNG</folder>
	<filename>welsey-119.JPEG</filename>
	<path>/home/pi/Desktop/PNG/welsey-119.JPEG</path>
	<source>
		<database>Unknown</database>
	</source>
	<size>
		<width>1280</width>
		<height>1280</height>
		<depth>3</depth>
	</size>
	<segmented>0</segmented>
	<object>
		<name>bar</name>
		<pose>Unspecified</pose>
		<truncated>0</truncated>
		<difficult>0</difficult>
		<bndbox>
			<xmin>272</xmin>
			<ymin>435</ymin>
			<xmax>492</xmax>
			<ymax>627</ymax>
		</bndbox>
	</object>
	<object>
		<name>triangle</name>
		<pose>Unspecified</pose>
		<truncated>0</truncated>
		<difficult>0</difficult>
		<bndbox>
			<xmin>474</xmin>
			<ymin>679</ymin>
			<xmax>704</xmax>
			<ymax>920</ymax>
		</bndbox>
	</object>
</annotation>
