<annotation>
	<folder>PNG</folder>
	<filename>welsey-50.JPEG</filename>
	<path>/home/pi/Desktop/PNG/welsey-50.JPEG</path>
	<source>
		<database>Unknown</database>
	</source>
	<size>
		<width>1280</width>
		<height>1280</height>
		<depth>3</depth>
	</size>
	<segmented>0</segmented>
	<object>
		<name>triangle</name>
		<pose>Unspecified</pose>
		<truncated>0</truncated>
		<difficult>0</difficult>
		<bndbox>
			<xmin>491</xmin>
			<ymin>414</ymin>
			<xmax>698</xmax>
			<ymax>618</ymax>
		</bndbox>
	</object>
	<object>
		<name>bar</name>
		<pose>Unspecified</pose>
		<truncated>0</truncated>
		<difficult>0</difficult>
		<bndbox>
			<xmin>478</xmin>
			<ymin>683</ymin>
			<xmax>665</xmax>
			<ymax>875</ymax>
		</bndbox>
	</object>
	<object>
		<name>circle</name>
		<pose>Unspecified</pose>
		<truncated>0</truncated>
		<difficult>0</difficult>
		<bndbox>
			<xmin>859</xmin>
			<ymin>514</ymin>
			<xmax>1100</xmax>
			<ymax>748</ymax>
		</bndbox>
	</object>
</annotation>
