<annotation>
	<folder>PNG</folder>
	<filename>welsey-218.JPEG</filename>
	<path>/home/pi/Desktop/PNG/welsey-218.JPEG</path>
	<source>
		<database>Unknown</database>
	</source>
	<size>
		<width>1280</width>
		<height>1280</height>
		<depth>3</depth>
	</size>
	<segmented>0</segmented>
	<object>
		<name>circle</name>
		<pose>Unspecified</pose>
		<truncated>0</truncated>
		<difficult>0</difficult>
		<bndbox>
			<xmin>239</xmin>
			<ymin>529</ymin>
			<xmax>489</xmax>
			<ymax>781</ymax>
		</bndbox>
	</object>
	<object>
		<name>bar</name>
		<pose>Unspecified</pose>
		<truncated>0</truncated>
		<difficult>0</difficult>
		<bndbox>
			<xmin>526</xmin>
			<ymin>412</ymin>
			<xmax>672</xmax>
			<ymax>659</ymax>
		</bndbox>
	</object>
	<object>
		<name>bar</name>
		<pose>Unspecified</pose>
		<truncated>0</truncated>
		<difficult>0</difficult>
		<bndbox>
			<xmin>767</xmin>
			<ymin>422</ymin>
			<xmax>881</xmax>
			<ymax>677</ymax>
		</bndbox>
	</object>
</annotation>
