<annotation>
	<folder>PNG</folder>
	<filename>welsey-146.JPEG</filename>
	<path>/home/pi/Desktop/PNG/welsey-146.JPEG</path>
	<source>
		<database>Unknown</database>
	</source>
	<size>
		<width>1280</width>
		<height>1280</height>
		<depth>3</depth>
	</size>
	<segmented>0</segmented>
	<object>
		<name>square</name>
		<pose>Unspecified</pose>
		<truncated>0</truncated>
		<difficult>0</difficult>
		<bndbox>
			<xmin>313</xmin>
			<ymin>422</ymin>
			<xmax>635</xmax>
			<ymax>736</ymax>
		</bndbox>
	</object>
	<object>
		<name>circle</name>
		<pose>Unspecified</pose>
		<truncated>0</truncated>
		<difficult>0</difficult>
		<bndbox>
			<xmin>263</xmin>
			<ymin>794</ymin>
			<xmax>494</xmax>
			<ymax>1022</ymax>
		</bndbox>
	</object>
	<object>
		<name>triangle</name>
		<pose>Unspecified</pose>
		<truncated>0</truncated>
		<difficult>0</difficult>
		<bndbox>
			<xmin>483</xmin>
			<ymin>90</ymin>
			<xmax>694</xmax>
			<ymax>335</ymax>
		</bndbox>
	</object>
</annotation>
