<annotation>
	<folder>PNG</folder>
	<filename>welsey-105.JPEG</filename>
	<path>/home/pi/Desktop/PNG/welsey-105.JPEG</path>
	<source>
		<database>Unknown</database>
	</source>
	<size>
		<width>1280</width>
		<height>1280</height>
		<depth>3</depth>
	</size>
	<segmented>0</segmented>
	<object>
		<name>triangle</name>
		<pose>Unspecified</pose>
		<truncated>0</truncated>
		<difficult>0</difficult>
		<bndbox>
			<xmin>311</xmin>
			<ymin>431</ymin>
			<xmax>559</xmax>
			<ymax>703</ymax>
		</bndbox>
	</object>
	<object>
		<name>bar</name>
		<pose>Unspecified</pose>
		<truncated>0</truncated>
		<difficult>0</difficult>
		<bndbox>
			<xmin>518</xmin>
			<ymin>729</ymin>
			<xmax>761</xmax>
			<ymax>968</ymax>
		</bndbox>
	</object>
</annotation>
