<annotation>
	<folder>PNG</folder>
	<filename>welsey-258.JPEG</filename>
	<path>/home/pi/Desktop/PNG/welsey-258.JPEG</path>
	<source>
		<database>Unknown</database>
	</source>
	<size>
		<width>1280</width>
		<height>1280</height>
		<depth>3</depth>
	</size>
	<segmented>0</segmented>
	<object>
		<name>circle</name>
		<pose>Unspecified</pose>
		<truncated>0</truncated>
		<difficult>0</difficult>
		<bndbox>
			<xmin>448</xmin>
			<ymin>194</ymin>
			<xmax>724</xmax>
			<ymax>475</ymax>
		</bndbox>
	</object>
	<object>
		<name>square</name>
		<pose>Unspecified</pose>
		<truncated>0</truncated>
		<difficult>0</difficult>
		<bndbox>
			<xmin>681</xmin>
			<ymin>461</ymin>
			<xmax>1026</xmax>
			<ymax>814</ymax>
		</bndbox>
	</object>
</annotation>
