<annotation>
	<folder>PNG</folder>
	<filename>welsey-52.JPEG</filename>
	<path>/home/pi/Desktop/PNG/welsey-52.JPEG</path>
	<source>
		<database>Unknown</database>
	</source>
	<size>
		<width>1280</width>
		<height>1280</height>
		<depth>3</depth>
	</size>
	<segmented>0</segmented>
	<object>
		<name>square</name>
		<pose>Unspecified</pose>
		<truncated>0</truncated>
		<difficult>0</difficult>
		<bndbox>
			<xmin>772</xmin>
			<ymin>281</ymin>
			<xmax>1026</xmax>
			<ymax>523</ymax>
		</bndbox>
	</object>
	<object>
		<name>square</name>
		<pose>Unspecified</pose>
		<truncated>0</truncated>
		<difficult>0</difficult>
		<bndbox>
			<xmin>811</xmin>
			<ymin>625</ymin>
			<xmax>1083</xmax>
			<ymax>888</ymax>
		</bndbox>
	</object>
	<object>
		<name>circle</name>
		<pose>Unspecified</pose>
		<truncated>0</truncated>
		<difficult>0</difficult>
		<bndbox>
			<xmin>278</xmin>
			<ymin>598</ymin>
			<xmax>470</xmax>
			<ymax>786</ymax>
		</bndbox>
	</object>
</annotation>
