<annotation>
	<folder>PNG</folder>
	<filename>welsey-118.JPEG</filename>
	<path>/home/pi/Desktop/PNG/welsey-118.JPEG</path>
	<source>
		<database>Unknown</database>
	</source>
	<size>
		<width>1280</width>
		<height>1280</height>
		<depth>3</depth>
	</size>
	<segmented>0</segmented>
	<object>
		<name>square</name>
		<pose>Unspecified</pose>
		<truncated>0</truncated>
		<difficult>0</difficult>
		<bndbox>
			<xmin>300</xmin>
			<ymin>486</ymin>
			<xmax>624</xmax>
			<ymax>803</ymax>
		</bndbox>
	</object>
	<object>
		<name>triangle</name>
		<pose>Unspecified</pose>
		<truncated>0</truncated>
		<difficult>0</difficult>
		<bndbox>
			<xmin>657</xmin>
			<ymin>401</ymin>
			<xmax>878</xmax>
			<ymax>603</ymax>
		</bndbox>
	</object>
</annotation>
