<annotation>
	<folder>PNG</folder>
	<filename>welsey-212.JPEG</filename>
	<path>/home/pi/Desktop/PNG/welsey-212.JPEG</path>
	<source>
		<database>Unknown</database>
	</source>
	<size>
		<width>1280</width>
		<height>1280</height>
		<depth>3</depth>
	</size>
	<segmented>0</segmented>
	<object>
		<name>square</name>
		<pose>Unspecified</pose>
		<truncated>0</truncated>
		<difficult>0</difficult>
		<bndbox>
			<xmin>411</xmin>
			<ymin>486</ymin>
			<xmax>739</xmax>
			<ymax>811</ymax>
		</bndbox>
	</object>
	<object>
		<name>bar</name>
		<pose>Unspecified</pose>
		<truncated>0</truncated>
		<difficult>0</difficult>
		<bndbox>
			<xmin>772</xmin>
			<ymin>655</ymin>
			<xmax>885</xmax>
			<ymax>961</ymax>
		</bndbox>
	</object>
</annotation>
