<annotation>
	<folder>PNG</folder>
	<filename>welsey-14.JPEG</filename>
	<path>/home/pi/Desktop/PNG/welsey-14.JPEG</path>
	<source>
		<database>Unknown</database>
	</source>
	<size>
		<width>1280</width>
		<height>1280</height>
		<depth>3</depth>
	</size>
	<segmented>0</segmented>
	<object>
		<name>bar</name>
		<pose>Unspecified</pose>
		<truncated>0</truncated>
		<difficult>0</difficult>
		<bndbox>
			<xmin>376</xmin>
			<ymin>275</ymin>
			<xmax>559</xmax>
			<ymax>466</ymax>
		</bndbox>
	</object>
	<object>
		<name>circle</name>
		<pose>Unspecified</pose>
		<truncated>0</truncated>
		<difficult>0</difficult>
		<bndbox>
			<xmin>361</xmin>
			<ymin>581</ymin>
			<xmax>581</xmax>
			<ymax>801</ymax>
		</bndbox>
	</object>
	<object>
		<name>square</name>
		<pose>Unspecified</pose>
		<truncated>0</truncated>
		<difficult>0</difficult>
		<bndbox>
			<xmin>711</xmin>
			<ymin>622</ymin>
			<xmax>1026</xmax>
			<ymax>940</ymax>
		</bndbox>
	</object>
</annotation>
