<annotation>
	<folder>img 1-270 welsey</folder>
	<filename>welsey-237.JPEG</filename>
	<path>/home/pi/Desktop/img 1-270 welsey/welsey-237.JPEG</path>
	<source>
		<database>Unknown</database>
	</source>
	<size>
		<width>1280</width>
		<height>1280</height>
		<depth>3</depth>
	</size>
	<segmented>0</segmented>
	<object>
		<name>bar</name>
		<pose>Unspecified</pose>
		<truncated>0</truncated>
		<difficult>0</difficult>
		<bndbox>
			<xmin>163</xmin>
			<ymin>654</ymin>
			<xmax>427</xmax>
			<ymax>760</ymax>
		</bndbox>
	</object>
	<object>
		<name>bar</name>
		<pose>Unspecified</pose>
		<truncated>0</truncated>
		<difficult>0</difficult>
		<bndbox>
			<xmin>443</xmin>
			<ymin>144</ymin>
			<xmax>508</xmax>
			<ymax>393</ymax>
		</bndbox>
	</object>
	<object>
		<name>square</name>
		<pose>Unspecified</pose>
		<truncated>0</truncated>
		<difficult>0</difficult>
		<bndbox>
			<xmin>843</xmin>
			<ymin>752</ymin>
			<xmax>1139</xmax>
			<ymax>1034</ymax>
		</bndbox>
	</object>
</annotation>
