<annotation>
	<folder>PNG</folder>
	<filename>welsey-64.JPEG</filename>
	<path>/home/pi/Desktop/PNG/welsey-64.JPEG</path>
	<source>
		<database>Unknown</database>
	</source>
	<size>
		<width>1280</width>
		<height>1280</height>
		<depth>3</depth>
	</size>
	<segmented>0</segmented>
	<object>
		<name>square</name>
		<pose>Unspecified</pose>
		<truncated>0</truncated>
		<difficult>0</difficult>
		<bndbox>
			<xmin>648</xmin>
			<ymin>203</ymin>
			<xmax>892</xmax>
			<ymax>451</ymax>
		</bndbox>
	</object>
	<object>
		<name>bar</name>
		<pose>Unspecified</pose>
		<truncated>0</truncated>
		<difficult>0</difficult>
		<bndbox>
			<xmin>698</xmin>
			<ymin>755</ymin>
			<xmax>933</xmax>
			<ymax>888</ymax>
		</bndbox>
	</object>
	<object>
		<name>bar</name>
		<pose>Unspecified</pose>
		<truncated>0</truncated>
		<difficult>0</difficult>
		<bndbox>
			<xmin>498</xmin>
			<ymin>866</ymin>
			<xmax>696</xmax>
			<ymax>1053</ymax>
		</bndbox>
	</object>
</annotation>
