<annotation>
	<folder>PNG</folder>
	<filename>welsey-202.JPEG</filename>
	<path>/home/pi/Desktop/PNG/welsey-202.JPEG</path>
	<source>
		<database>Unknown</database>
	</source>
	<size>
		<width>1280</width>
		<height>1280</height>
		<depth>3</depth>
	</size>
	<segmented>0</segmented>
	<object>
		<name>square</name>
		<pose>Unspecified</pose>
		<truncated>0</truncated>
		<difficult>0</difficult>
		<bndbox>
			<xmin>294</xmin>
			<ymin>501</ymin>
			<xmax>539</xmax>
			<ymax>736</ymax>
		</bndbox>
	</object>
	<object>
		<name>circle</name>
		<pose>Unspecified</pose>
		<truncated>0</truncated>
		<difficult>0</difficult>
		<bndbox>
			<xmin>604</xmin>
			<ymin>509</ymin>
			<xmax>828</xmax>
			<ymax>735</ymax>
		</bndbox>
	</object>
	<object>
		<name>circle</name>
		<pose>Unspecified</pose>
		<truncated>0</truncated>
		<difficult>0</difficult>
		<bndbox>
			<xmin>489</xmin>
			<ymin>890</ymin>
			<xmax>733</xmax>
			<ymax>1136</ymax>
		</bndbox>
	</object>
</annotation>
