<annotation>
	<folder>PNG</folder>
	<filename>welsey-255.JPEG</filename>
	<path>/home/pi/Desktop/PNG/welsey-255.JPEG</path>
	<source>
		<database>Unknown</database>
	</source>
	<size>
		<width>1280</width>
		<height>1280</height>
		<depth>3</depth>
	</size>
	<segmented>0</segmented>
	<object>
		<name>bar</name>
		<pose>Unspecified</pose>
		<truncated>0</truncated>
		<difficult>0</difficult>
		<bndbox>
			<xmin>183</xmin>
			<ymin>514</ymin>
			<xmax>457</xmax>
			<ymax>742</ymax>
		</bndbox>
	</object>
	<object>
		<name>circle</name>
		<pose>Unspecified</pose>
		<truncated>0</truncated>
		<difficult>0</difficult>
		<bndbox>
			<xmin>520</xmin>
			<ymin>231</ymin>
			<xmax>815</xmax>
			<ymax>527</ymax>
		</bndbox>
	</object>
	<object>
		<name>square</name>
		<pose>Unspecified</pose>
		<truncated>0</truncated>
		<difficult>0</difficult>
		<bndbox>
			<xmin>609</xmin>
			<ymin>729</ymin>
			<xmax>968</xmax>
			<ymax>1081</ymax>
		</bndbox>
	</object>
</annotation>
