<annotation>
	<folder>PNG</folder>
	<filename>welsey-228.JPEG</filename>
	<path>/home/pi/Desktop/PNG/welsey-228.JPEG</path>
	<source>
		<database>Unknown</database>
	</source>
	<size>
		<width>1280</width>
		<height>1280</height>
		<depth>3</depth>
	</size>
	<segmented>0</segmented>
	<object>
		<name>circle</name>
		<pose>Unspecified</pose>
		<truncated>0</truncated>
		<difficult>0</difficult>
		<bndbox>
			<xmin>213</xmin>
			<ymin>366</ymin>
			<xmax>494</xmax>
			<ymax>640</ymax>
		</bndbox>
	</object>
	<object>
		<name>square</name>
		<pose>Unspecified</pose>
		<truncated>0</truncated>
		<difficult>0</difficult>
		<bndbox>
			<xmin>517</xmin>
			<ymin>440</ymin>
			<xmax>852</xmax>
			<ymax>777</ymax>
		</bndbox>
	</object>
	<object>
		<name>bar</name>
		<pose>Unspecified</pose>
		<truncated>0</truncated>
		<difficult>0</difficult>
		<bndbox>
			<xmin>276</xmin>
			<ymin>862</ymin>
			<xmax>504</xmax>
			<ymax>1123</ymax>
		</bndbox>
	</object>
</annotation>
