<annotation>
	<folder>PNG</folder>
	<filename>welsey-167.JPEG</filename>
	<path>/home/pi/Desktop/PNG/welsey-167.JPEG</path>
	<source>
		<database>Unknown</database>
	</source>
	<size>
		<width>1280</width>
		<height>960</height>
		<depth>3</depth>
	</size>
	<segmented>0</segmented>
	<object>
		<name>triangle</name>
		<pose>Unspecified</pose>
		<truncated>0</truncated>
		<difficult>0</difficult>
		<bndbox>
			<xmin>365</xmin>
			<ymin>401</ymin>
			<xmax>570</xmax>
			<ymax>608</ymax>
		</bndbox>
	</object>
	<object>
		<name>circle</name>
		<pose>Unspecified</pose>
		<truncated>0</truncated>
		<difficult>0</difficult>
		<bndbox>
			<xmin>658</xmin>
			<ymin>417</ymin>
			<xmax>841</xmax>
			<ymax>601</ymax>
		</bndbox>
	</object>
	<object>
		<name>square</name>
		<pose>Unspecified</pose>
		<truncated>0</truncated>
		<difficult>0</difficult>
		<bndbox>
			<xmin>484</xmin>
			<ymin>63</ymin>
			<xmax>724</xmax>
			<ymax>298</ymax>
		</bndbox>
	</object>
</annotation>
