<annotation>
	<folder>PNG</folder>
	<filename>welsey-36.JPEG</filename>
	<path>/home/pi/Desktop/PNG/welsey-36.JPEG</path>
	<source>
		<database>Unknown</database>
	</source>
	<size>
		<width>1280</width>
		<height>1280</height>
		<depth>3</depth>
	</size>
	<segmented>0</segmented>
	<object>
		<name>circle</name>
		<pose>Unspecified</pose>
		<truncated>0</truncated>
		<difficult>0</difficult>
		<bndbox>
			<xmin>196</xmin>
			<ymin>640</ymin>
			<xmax>496</xmax>
			<ymax>942</ymax>
		</bndbox>
	</object>
	<object>
		<name>bar</name>
		<pose>Unspecified</pose>
		<truncated>0</truncated>
		<difficult>0</difficult>
		<bndbox>
			<xmin>535</xmin>
			<ymin>405</ymin>
			<xmax>752</xmax>
			<ymax>683</ymax>
		</bndbox>
	</object>
	<object>
		<name>bar</name>
		<pose>Unspecified</pose>
		<truncated>0</truncated>
		<difficult>0</difficult>
		<bndbox>
			<xmin>774</xmin>
			<ymin>614</ymin>
			<xmax>1022</xmax>
			<ymax>877</ymax>
		</bndbox>
	</object>
</annotation>
