<annotation>
	<folder>PNG</folder>
	<filename>welsey-221.JPEG</filename>
	<path>/home/pi/Desktop/PNG/welsey-221.JPEG</path>
	<source>
		<database>Unknown</database>
	</source>
	<size>
		<width>1280</width>
		<height>1280</height>
		<depth>3</depth>
	</size>
	<segmented>0</segmented>
	<object>
		<name>bar</name>
		<pose>Unspecified</pose>
		<truncated>0</truncated>
		<difficult>0</difficult>
		<bndbox>
			<xmin>267</xmin>
			<ymin>770</ymin>
			<xmax>572</xmax>
			<ymax>879</ymax>
		</bndbox>
	</object>
	<object>
		<name>triangle</name>
		<pose>Unspecified</pose>
		<truncated>0</truncated>
		<difficult>0</difficult>
		<bndbox>
			<xmin>579</xmin>
			<ymin>379</ymin>
			<xmax>857</xmax>
			<ymax>655</ymax>
		</bndbox>
	</object>
	<object>
		<name>circle</name>
		<pose>Unspecified</pose>
		<truncated>0</truncated>
		<difficult>0</difficult>
		<bndbox>
			<xmin>626</xmin>
			<ymin>666</ymin>
			<xmax>915</xmax>
			<ymax>955</ymax>
		</bndbox>
	</object>
</annotation>
