<annotation>
	<folder>PNG</folder>
	<filename>welsey-42.JPEG</filename>
	<path>/home/pi/Desktop/PNG/welsey-42.JPEG</path>
	<source>
		<database>Unknown</database>
	</source>
	<size>
		<width>1280</width>
		<height>1280</height>
		<depth>3</depth>
	</size>
	<segmented>0</segmented>
	<object>
		<name>circle</name>
		<pose>Unspecified</pose>
		<truncated>0</truncated>
		<difficult>0</difficult>
		<bndbox>
			<xmin>513</xmin>
			<ymin>259</ymin>
			<xmax>791</xmax>
			<ymax>468</ymax>
		</bndbox>
	</object>
	<object>
		<name>triangle</name>
		<pose>Unspecified</pose>
		<truncated>0</truncated>
		<difficult>0</difficult>
		<bndbox>
			<xmin>846</xmin>
			<ymin>457</ymin>
			<xmax>1168</xmax>
			<ymax>725</ymax>
		</bndbox>
	</object>
	<object>
		<name>square</name>
		<pose>Unspecified</pose>
		<truncated>0</truncated>
		<difficult>0</difficult>
		<bndbox>
			<xmin>398</xmin>
			<ymin>546</ymin>
			<xmax>857</xmax>
			<ymax>946</ymax>
		</bndbox>
	</object>
</annotation>
