<annotation>
	<folder>PNG</folder>
	<filename>welsey-173.JPEG</filename>
	<path>/home/pi/Desktop/PNG/welsey-173.JPEG</path>
	<source>
		<database>Unknown</database>
	</source>
	<size>
		<width>960</width>
		<height>1280</height>
		<depth>3</depth>
	</size>
	<segmented>0</segmented>
	<object>
		<name>square</name>
		<pose>Unspecified</pose>
		<truncated>0</truncated>
		<difficult>0</difficult>
		<bndbox>
			<xmin>290</xmin>
			<ymin>566</ymin>
			<xmax>581</xmax>
			<ymax>877</ymax>
		</bndbox>
	</object>
	<object>
		<name>triangle</name>
		<pose>Unspecified</pose>
		<truncated>0</truncated>
		<difficult>0</difficult>
		<bndbox>
			<xmin>473</xmin>
			<ymin>720</ymin>
			<xmax>686</xmax>
			<ymax>949</ymax>
		</bndbox>
	</object>
</annotation>
