<annotation>
	<folder>PNG</folder>
	<filename>welsey-267.JPEG</filename>
	<path>/home/pi/Desktop/PNG/welsey-267.JPEG</path>
	<source>
		<database>Unknown</database>
	</source>
	<size>
		<width>1280</width>
		<height>1280</height>
		<depth>3</depth>
	</size>
	<segmented>0</segmented>
	<object>
		<name>square</name>
		<pose>Unspecified</pose>
		<truncated>0</truncated>
		<difficult>0</difficult>
		<bndbox>
			<xmin>500</xmin>
			<ymin>461</ymin>
			<xmax>826</xmax>
			<ymax>798</ymax>
		</bndbox>
	</object>
	<object>
		<name>bar</name>
		<pose>Unspecified</pose>
		<truncated>0</truncated>
		<difficult>0</difficult>
		<bndbox>
			<xmin>213</xmin>
			<ymin>485</ymin>
			<xmax>479</xmax>
			<ymax>672</ymax>
		</bndbox>
	</object>
	<object>
		<name>bar</name>
		<pose>Unspecified</pose>
		<truncated>0</truncated>
		<difficult>0</difficult>
		<bndbox>
			<xmin>965</xmin>
			<ymin>348</ymin>
			<xmax>1094</xmax>
			<ymax>583</ymax>
		</bndbox>
	</object>
</annotation>
