<annotation>
	<folder>PNG</folder>
	<filename>welsey-188.JPEG</filename>
	<path>/home/pi/Desktop/PNG/welsey-188.JPEG</path>
	<source>
		<database>Unknown</database>
	</source>
	<size>
		<width>1280</width>
		<height>960</height>
		<depth>3</depth>
	</size>
	<segmented>0</segmented>
	<object>
		<name>square</name>
		<pose>Unspecified</pose>
		<truncated>0</truncated>
		<difficult>0</difficult>
		<bndbox>
			<xmin>424</xmin>
			<ymin>289</ymin>
			<xmax>801</xmax>
			<ymax>603</ymax>
		</bndbox>
	</object>
	<object>
		<name>circle</name>
		<pose>Unspecified</pose>
		<truncated>0</truncated>
		<difficult>0</difficult>
		<bndbox>
			<xmin>620</xmin>
			<ymin>608</ymin>
			<xmax>879</xmax>
			<ymax>791</ymax>
		</bndbox>
	</object>
	<object>
		<name>bar</name>
		<pose>Unspecified</pose>
		<truncated>0</truncated>
		<difficult>0</difficult>
		<bndbox>
			<xmin>363</xmin>
			<ymin>713</ymin>
			<xmax>603</xmax>
			<ymax>796</ymax>
		</bndbox>
	</object>
</annotation>
