<annotation>
	<folder>PNG</folder>
	<filename>welsey-32.JPEG</filename>
	<path>/home/pi/Desktop/PNG/welsey-32.JPEG</path>
	<source>
		<database>Unknown</database>
	</source>
	<size>
		<width>1280</width>
		<height>1280</height>
		<depth>3</depth>
	</size>
	<segmented>0</segmented>
	<object>
		<name>bar</name>
		<pose>Unspecified</pose>
		<truncated>0</truncated>
		<difficult>0</difficult>
		<bndbox>
			<xmin>278</xmin>
			<ymin>649</ymin>
			<xmax>511</xmax>
			<ymax>811</ymax>
		</bndbox>
	</object>
	<object>
		<name>circle</name>
		<pose>Unspecified</pose>
		<truncated>0</truncated>
		<difficult>0</difficult>
		<bndbox>
			<xmin>467</xmin>
			<ymin>703</ymin>
			<xmax>713</xmax>
			<ymax>948</ymax>
		</bndbox>
	</object>
	<object>
		<name>triangle</name>
		<pose>Unspecified</pose>
		<truncated>0</truncated>
		<difficult>0</difficult>
		<bndbox>
			<xmin>655</xmin>
			<ymin>311</ymin>
			<xmax>894</xmax>
			<ymax>536</ymax>
		</bndbox>
	</object>
</annotation>
