<annotation>
	<folder>PNG</folder>
	<filename>welsey-21.JPEG</filename>
	<path>/home/pi/Desktop/PNG/welsey-21.JPEG</path>
	<source>
		<database>Unknown</database>
	</source>
	<size>
		<width>1280</width>
		<height>1280</height>
		<depth>3</depth>
	</size>
	<segmented>0</segmented>
	<object>
		<name>circle</name>
		<pose>Unspecified</pose>
		<truncated>0</truncated>
		<difficult>0</difficult>
		<bndbox>
			<xmin>331</xmin>
			<ymin>329</ymin>
			<xmax>620</xmax>
			<ymax>629</ymax>
		</bndbox>
	</object>
	<object>
		<name>square</name>
		<pose>Unspecified</pose>
		<truncated>0</truncated>
		<difficult>0</difficult>
		<bndbox>
			<xmin>359</xmin>
			<ymin>727</ymin>
			<xmax>757</xmax>
			<ymax>1157</ymax>
		</bndbox>
	</object>
	<object>
		<name>square</name>
		<pose>Unspecified</pose>
		<truncated>0</truncated>
		<difficult>0</difficult>
		<bndbox>
			<xmin>757</xmin>
			<ymin>242</ymin>
			<xmax>994</xmax>
			<ymax>531</ymax>
		</bndbox>
	</object>
</annotation>
