<annotation>
	<folder>PNG</folder>
	<filename>welsey-262.JPEG</filename>
	<path>/home/pi/Desktop/PNG/welsey-262.JPEG</path>
	<source>
		<database>Unknown</database>
	</source>
	<size>
		<width>1280</width>
		<height>1280</height>
		<depth>3</depth>
	</size>
	<segmented>0</segmented>
	<object>
		<name>bar</name>
		<pose>Unspecified</pose>
		<truncated>0</truncated>
		<difficult>0</difficult>
		<bndbox>
			<xmin>181</xmin>
			<ymin>418</ymin>
			<xmax>429</xmax>
			<ymax>692</ymax>
		</bndbox>
	</object>
	<object>
		<name>triangle</name>
		<pose>Unspecified</pose>
		<truncated>0</truncated>
		<difficult>0</difficult>
		<bndbox>
			<xmin>494</xmin>
			<ymin>38</ymin>
			<xmax>791</xmax>
			<ymax>336</ymax>
		</bndbox>
	</object>
	<object>
		<name>square</name>
		<pose>Unspecified</pose>
		<truncated>0</truncated>
		<difficult>0</difficult>
		<bndbox>
			<xmin>633</xmin>
			<ymin>548</ymin>
			<xmax>1029</xmax>
			<ymax>929</ymax>
		</bndbox>
	</object>
</annotation>
