<annotation>
	<folder>PNG</folder>
	<filename>welsey-121.JPEG</filename>
	<path>/home/pi/Desktop/PNG/welsey-121.JPEG</path>
	<source>
		<database>Unknown</database>
	</source>
	<size>
		<width>1280</width>
		<height>1280</height>
		<depth>3</depth>
	</size>
	<segmented>0</segmented>
	<object>
		<name>square</name>
		<pose>Unspecified</pose>
		<truncated>0</truncated>
		<difficult>0</difficult>
		<bndbox>
			<xmin>183</xmin>
			<ymin>327</ymin>
			<xmax>585</xmax>
			<ymax>705</ymax>
		</bndbox>
	</object>
	<object>
		<name>square</name>
		<pose>Unspecified</pose>
		<truncated>0</truncated>
		<difficult>0</difficult>
		<bndbox>
			<xmin>491</xmin>
			<ymin>599</ymin>
			<xmax>909</xmax>
			<ymax>1029</ymax>
		</bndbox>
	</object>
</annotation>
