<annotation>
	<folder>PNG</folder>
	<filename>welsey-134.JPEG</filename>
	<path>/home/pi/Desktop/PNG/welsey-134.JPEG</path>
	<source>
		<database>Unknown</database>
	</source>
	<size>
		<width>1280</width>
		<height>1280</height>
		<depth>3</depth>
	</size>
	<segmented>0</segmented>
	<object>
		<name>circle</name>
		<pose>Unspecified</pose>
		<truncated>0</truncated>
		<difficult>0</difficult>
		<bndbox>
			<xmin>441</xmin>
			<ymin>96</ymin>
			<xmax>681</xmax>
			<ymax>338</ymax>
		</bndbox>
	</object>
	<object>
		<name>bar</name>
		<pose>Unspecified</pose>
		<truncated>0</truncated>
		<difficult>0</difficult>
		<bndbox>
			<xmin>357</xmin>
			<ymin>588</ymin>
			<xmax>587</xmax>
			<ymax>635</ymax>
		</bndbox>
	</object>
	<object>
		<name>bar</name>
		<pose>Unspecified</pose>
		<truncated>0</truncated>
		<difficult>0</difficult>
		<bndbox>
			<xmin>650</xmin>
			<ymin>420</ymin>
			<xmax>707</xmax>
			<ymax>655</ymax>
		</bndbox>
	</object>
</annotation>
