<annotation>
	<folder>PNG</folder>
	<filename>welsey-245.JPEG</filename>
	<path>/home/pi/Desktop/PNG/welsey-245.JPEG</path>
	<source>
		<database>Unknown</database>
	</source>
	<size>
		<width>1280</width>
		<height>1280</height>
		<depth>3</depth>
	</size>
	<segmented>0</segmented>
	<object>
		<name>triangle</name>
		<pose>Unspecified</pose>
		<truncated>0</truncated>
		<difficult>0</difficult>
		<bndbox>
			<xmin>267</xmin>
			<ymin>212</ymin>
			<xmax>511</xmax>
			<ymax>457</ymax>
		</bndbox>
	</object>
	<object>
		<name>square</name>
		<pose>Unspecified</pose>
		<truncated>0</truncated>
		<difficult>0</difficult>
		<bndbox>
			<xmin>479</xmin>
			<ymin>298</ymin>
			<xmax>824</xmax>
			<ymax>644</ymax>
		</bndbox>
	</object>
	<object>
		<name>bar</name>
		<pose>Unspecified</pose>
		<truncated>0</truncated>
		<difficult>0</difficult>
		<bndbox>
			<xmin>418</xmin>
			<ymin>831</ymin>
			<xmax>652</xmax>
			<ymax>1014</ymax>
		</bndbox>
	</object>
</annotation>
