<annotation>
	<folder>PNG</folder>
	<filename>welsey-159.JPEG</filename>
	<path>/home/pi/Desktop/PNG/welsey-159.JPEG</path>
	<source>
		<database>Unknown</database>
	</source>
	<size>
		<width>960</width>
		<height>1280</height>
		<depth>3</depth>
	</size>
	<segmented>0</segmented>
	<object>
		<name>bar</name>
		<pose>Unspecified</pose>
		<truncated>0</truncated>
		<difficult>0</difficult>
		<bndbox>
			<xmin>257</xmin>
			<ymin>498</ymin>
			<xmax>351</xmax>
			<ymax>718</ymax>
		</bndbox>
	</object>
	<object>
		<name>square</name>
		<pose>Unspecified</pose>
		<truncated>0</truncated>
		<difficult>0</difficult>
		<bndbox>
			<xmin>142</xmin>
			<ymin>868</ymin>
			<xmax>527</xmax>
			<ymax>1235</ymax>
		</bndbox>
	</object>
	<object>
		<name>circle</name>
		<pose>Unspecified</pose>
		<truncated>0</truncated>
		<difficult>0</difficult>
		<bndbox>
			<xmin>468</xmin>
			<ymin>538</ymin>
			<xmax>755</xmax>
			<ymax>764</ymax>
		</bndbox>
	</object>
	<object>
		<name>square</name>
		<pose>Unspecified</pose>
		<truncated>0</truncated>
		<difficult>0</difficult>
		<bndbox>
			<xmin>407</xmin>
			<ymin>227</ymin>
			<xmax>662</xmax>
			<ymax>392</ymax>
		</bndbox>
	</object>
</annotation>
