<annotation>
	<folder>PNG</folder>
	<filename>welsey-102.JPEG</filename>
	<path>/home/pi/Desktop/PNG/welsey-102.JPEG</path>
	<source>
		<database>Unknown</database>
	</source>
	<size>
		<width>1280</width>
		<height>1280</height>
		<depth>3</depth>
	</size>
	<segmented>0</segmented>
	<object>
		<name>circle</name>
		<pose>Unspecified</pose>
		<truncated>0</truncated>
		<difficult>0</difficult>
		<bndbox>
			<xmin>283</xmin>
			<ymin>499</ymin>
			<xmax>479</xmax>
			<ymax>692</ymax>
		</bndbox>
	</object>
	<object>
		<name>triangle</name>
		<pose>Unspecified</pose>
		<truncated>0</truncated>
		<difficult>0</difficult>
		<bndbox>
			<xmin>470</xmin>
			<ymin>362</ymin>
			<xmax>646</xmax>
			<ymax>535</ymax>
		</bndbox>
	</object>
	<object>
		<name>bar</name>
		<pose>Unspecified</pose>
		<truncated>0</truncated>
		<difficult>0</difficult>
		<bndbox>
			<xmin>739</xmin>
			<ymin>514</ymin>
			<xmax>835</xmax>
			<ymax>707</ymax>
		</bndbox>
	</object>
</annotation>
