<annotation>
	<folder>PNG</folder>
	<filename>welsey-25.JPEG</filename>
	<path>/home/pi/Desktop/PNG/welsey-25.JPEG</path>
	<source>
		<database>Unknown</database>
	</source>
	<size>
		<width>1280</width>
		<height>1280</height>
		<depth>3</depth>
	</size>
	<segmented>0</segmented>
	<object>
		<name>bar</name>
		<pose>Unspecified</pose>
		<truncated>0</truncated>
		<difficult>0</difficult>
		<bndbox>
			<xmin>513</xmin>
			<ymin>159</ymin>
			<xmax>609</xmax>
			<ymax>392</ymax>
		</bndbox>
	</object>
	<object>
		<name>circle</name>
		<pose>Unspecified</pose>
		<truncated>0</truncated>
		<difficult>0</difficult>
		<bndbox>
			<xmin>711</xmin>
			<ymin>409</ymin>
			<xmax>931</xmax>
			<ymax>631</ymax>
		</bndbox>
	</object>
	<object>
		<name>square</name>
		<pose>Unspecified</pose>
		<truncated>0</truncated>
		<difficult>0</difficult>
		<bndbox>
			<xmin>379</xmin>
			<ymin>749</ymin>
			<xmax>622</xmax>
			<ymax>992</ymax>
		</bndbox>
	</object>
</annotation>
