<annotation>
	<folder>PNG</folder>
	<filename>welsey-111.JPEG</filename>
	<path>/home/pi/Desktop/PNG/welsey-111.JPEG</path>
	<source>
		<database>Unknown</database>
	</source>
	<size>
		<width>1280</width>
		<height>1280</height>
		<depth>3</depth>
	</size>
	<segmented>0</segmented>
	<object>
		<name>circle</name>
		<pose>Unspecified</pose>
		<truncated>0</truncated>
		<difficult>0</difficult>
		<bndbox>
			<xmin>472</xmin>
			<ymin>407</ymin>
			<xmax>681</xmax>
			<ymax>607</ymax>
		</bndbox>
	</object>
	<object>
		<name>circle</name>
		<pose>Unspecified</pose>
		<truncated>0</truncated>
		<difficult>0</difficult>
		<bndbox>
			<xmin>700</xmin>
			<ymin>603</ymin>
			<xmax>911</xmax>
			<ymax>811</ymax>
		</bndbox>
	</object>
	<object>
		<name>triangle</name>
		<pose>Unspecified</pose>
		<truncated>0</truncated>
		<difficult>0</difficult>
		<bndbox>
			<xmin>287</xmin>
			<ymin>823</ymin>
			<xmax>500</xmax>
			<ymax>1025</ymax>
		</bndbox>
	</object>
</annotation>
