<annotation>
	<folder>PNG</folder>
	<filename>welsey-229.JPEG</filename>
	<path>/home/pi/Desktop/PNG/welsey-229.JPEG</path>
	<source>
		<database>Unknown</database>
	</source>
	<size>
		<width>1280</width>
		<height>1280</height>
		<depth>3</depth>
	</size>
	<segmented>0</segmented>
	<object>
		<name>circle</name>
		<pose>Unspecified</pose>
		<truncated>0</truncated>
		<difficult>0</difficult>
		<bndbox>
			<xmin>176</xmin>
			<ymin>281</ymin>
			<xmax>483</xmax>
			<ymax>577</ymax>
		</bndbox>
	</object>
	<object>
		<name>square</name>
		<pose>Unspecified</pose>
		<truncated>0</truncated>
		<difficult>0</difficult>
		<bndbox>
			<xmin>622</xmin>
			<ymin>390</ymin>
			<xmax>1037</xmax>
			<ymax>809</ymax>
		</bndbox>
	</object>
	<object>
		<name>bar</name>
		<pose>Unspecified</pose>
		<truncated>0</truncated>
		<difficult>0</difficult>
		<bndbox>
			<xmin>259</xmin>
			<ymin>661</ymin>
			<xmax>576</xmax>
			<ymax>779</ymax>
		</bndbox>
	</object>
</annotation>
