<annotation>
	<folder>PNG</folder>
	<filename>welsey-224.JPEG</filename>
	<path>/home/pi/Desktop/PNG/welsey-224.JPEG</path>
	<source>
		<database>Unknown</database>
	</source>
	<size>
		<width>1280</width>
		<height>1280</height>
		<depth>3</depth>
	</size>
	<segmented>0</segmented>
	<object>
		<name>circle</name>
		<pose>Unspecified</pose>
		<truncated>0</truncated>
		<difficult>0</difficult>
		<bndbox>
			<xmin>307</xmin>
			<ymin>451</ymin>
			<xmax>570</xmax>
			<ymax>711</ymax>
		</bndbox>
	</object>
	<object>
		<name>bar</name>
		<pose>Unspecified</pose>
		<truncated>0</truncated>
		<difficult>0</difficult>
		<bndbox>
			<xmin>668</xmin>
			<ymin>451</ymin>
			<xmax>804</xmax>
			<ymax>720</ymax>
		</bndbox>
	</object>
</annotation>
