<annotation>
	<folder>PNG</folder>
	<filename>welsey-185.JPEG</filename>
	<path>/home/pi/Desktop/PNG/welsey-185.JPEG</path>
	<source>
		<database>Unknown</database>
	</source>
	<size>
		<width>1280</width>
		<height>960</height>
		<depth>3</depth>
	</size>
	<segmented>0</segmented>
	<object>
		<name>bar</name>
		<pose>Unspecified</pose>
		<truncated>0</truncated>
		<difficult>0</difficult>
		<bndbox>
			<xmin>427</xmin>
			<ymin>284</ymin>
			<xmax>549</xmax>
			<ymax>515</ymax>
		</bndbox>
	</object>
	<object>
		<name>square</name>
		<pose>Unspecified</pose>
		<truncated>0</truncated>
		<difficult>0</difficult>
		<bndbox>
			<xmin>432</xmin>
			<ymin>582</ymin>
			<xmax>746</xmax>
			<ymax>901</ymax>
		</bndbox>
	</object>
	<object>
		<name>square</name>
		<pose>Unspecified</pose>
		<truncated>0</truncated>
		<difficult>0</difficult>
		<bndbox>
			<xmin>553</xmin>
			<ymin>74</ymin>
			<xmax>870</xmax>
			<ymax>393</ymax>
		</bndbox>
	</object>
</annotation>
