<annotation>
	<folder>PNG</folder>
	<filename>welsey-172.JPEG</filename>
	<path>/home/pi/Desktop/PNG/welsey-172.JPEG</path>
	<source>
		<database>Unknown</database>
	</source>
	<size>
		<width>960</width>
		<height>1280</height>
		<depth>3</depth>
	</size>
	<segmented>0</segmented>
	<object>
		<name>square</name>
		<pose>Unspecified</pose>
		<truncated>0</truncated>
		<difficult>0</difficult>
		<bndbox>
			<xmin>223</xmin>
			<ymin>505</ymin>
			<xmax>475</xmax>
			<ymax>749</ymax>
		</bndbox>
	</object>
	<object>
		<name>square</name>
		<pose>Unspecified</pose>
		<truncated>0</truncated>
		<difficult>0</difficult>
		<bndbox>
			<xmin>608</xmin>
			<ymin>486</ymin>
			<xmax>899</xmax>
			<ymax>773</ymax>
		</bndbox>
	</object>
	<object>
		<name>circle</name>
		<pose>Unspecified</pose>
		<truncated>0</truncated>
		<difficult>0</difficult>
		<bndbox>
			<xmin>357</xmin>
			<ymin>822</ymin>
			<xmax>564</xmax>
			<ymax>1031</ymax>
		</bndbox>
	</object>
</annotation>
