<annotation>
	<folder>PNG</folder>
	<filename>welsey-128.JPEG</filename>
	<path>/home/pi/Desktop/PNG/welsey-128.JPEG</path>
	<source>
		<database>Unknown</database>
	</source>
	<size>
		<width>1280</width>
		<height>1280</height>
		<depth>3</depth>
	</size>
	<segmented>0</segmented>
	<object>
		<name>circle</name>
		<pose>Unspecified</pose>
		<truncated>0</truncated>
		<difficult>0</difficult>
		<bndbox>
			<xmin>389</xmin>
			<ymin>311</ymin>
			<xmax>657</xmax>
			<ymax>577</ymax>
		</bndbox>
	</object>
	<object>
		<name>circle</name>
		<pose>Unspecified</pose>
		<truncated>0</truncated>
		<difficult>0</difficult>
		<bndbox>
			<xmin>529</xmin>
			<ymin>586</ymin>
			<xmax>789</xmax>
			<ymax>848</ymax>
		</bndbox>
	</object>
</annotation>
