<annotation>
	<folder>PNG</folder>
	<filename>welsey-213.JPEG</filename>
	<path>/home/pi/Desktop/PNG/welsey-213.JPEG</path>
	<source>
		<database>Unknown</database>
	</source>
	<size>
		<width>1280</width>
		<height>1280</height>
		<depth>3</depth>
	</size>
	<segmented>0</segmented>
	<object>
		<name>bar</name>
		<pose>Unspecified</pose>
		<truncated>0</truncated>
		<difficult>0</difficult>
		<bndbox>
			<xmin>139</xmin>
			<ymin>640</ymin>
			<xmax>381</xmax>
			<ymax>703</ymax>
		</bndbox>
	</object>
	<object>
		<name>circle</name>
		<pose>Unspecified</pose>
		<truncated>0</truncated>
		<difficult>0</difficult>
		<bndbox>
			<xmin>517</xmin>
			<ymin>535</ymin>
			<xmax>755</xmax>
			<ymax>777</ymax>
		</bndbox>
	</object>
	<object>
		<name>square</name>
		<pose>Unspecified</pose>
		<truncated>0</truncated>
		<difficult>0</difficult>
		<bndbox>
			<xmin>733</xmin>
			<ymin>609</ymin>
			<xmax>1083</xmax>
			<ymax>957</ymax>
		</bndbox>
	</object>
</annotation>
