<annotation>
	<folder>PNG</folder>
	<filename>welsey-261.JPEG</filename>
	<path>/home/pi/Desktop/PNG/welsey-261.JPEG</path>
	<source>
		<database>Unknown</database>
	</source>
	<size>
		<width>1280</width>
		<height>1280</height>
		<depth>3</depth>
	</size>
	<segmented>0</segmented>
	<object>
		<name>bar</name>
		<pose>Unspecified</pose>
		<truncated>0</truncated>
		<difficult>0</difficult>
		<bndbox>
			<xmin>254</xmin>
			<ymin>416</ymin>
			<xmax>528</xmax>
			<ymax>598</ymax>
		</bndbox>
	</object>
	<object>
		<name>circle</name>
		<pose>Unspecified</pose>
		<truncated>0</truncated>
		<difficult>0</difficult>
		<bndbox>
			<xmin>709</xmin>
			<ymin>361</ymin>
			<xmax>963</xmax>
			<ymax>623</ymax>
		</bndbox>
	</object>
	<object>
		<name>square</name>
		<pose>Unspecified</pose>
		<truncated>0</truncated>
		<difficult>0</difficult>
		<bndbox>
			<xmin>352</xmin>
			<ymin>725</ymin>
			<xmax>722</xmax>
			<ymax>1090</ymax>
		</bndbox>
	</object>
</annotation>
