<annotation>
	<folder>PNG</folder>
	<filename>welsey-125.JPEG</filename>
	<path>/home/pi/Desktop/PNG/welsey-125.JPEG</path>
	<source>
		<database>Unknown</database>
	</source>
	<size>
		<width>1280</width>
		<height>1280</height>
		<depth>3</depth>
	</size>
	<segmented>0</segmented>
	<object>
		<name>triangle</name>
		<pose>Unspecified</pose>
		<truncated>0</truncated>
		<difficult>0</difficult>
		<bndbox>
			<xmin>422</xmin>
			<ymin>518</ymin>
			<xmax>600</xmax>
			<ymax>699</ymax>
		</bndbox>
	</object>
	<object>
		<name>triangle</name>
		<pose>Unspecified</pose>
		<truncated>0</truncated>
		<difficult>0</difficult>
		<bndbox>
			<xmin>537</xmin>
			<ymin>735</ymin>
			<xmax>713</xmax>
			<ymax>923</ymax>
		</bndbox>
	</object>
</annotation>
