<annotation>
	<folder>PNG</folder>
	<filename>welsey-171.JPEG</filename>
	<path>/home/pi/Desktop/PNG/welsey-171.JPEG</path>
	<source>
		<database>Unknown</database>
	</source>
	<size>
		<width>960</width>
		<height>1280</height>
		<depth>3</depth>
	</size>
	<segmented>0</segmented>
	<object>
		<name>bar</name>
		<pose>Unspecified</pose>
		<truncated>0</truncated>
		<difficult>0</difficult>
		<bndbox>
			<xmin>149</xmin>
			<ymin>361</ymin>
			<xmax>407</xmax>
			<ymax>633</ymax>
		</bndbox>
	</object>
	<object>
		<name>bar</name>
		<pose>Unspecified</pose>
		<truncated>0</truncated>
		<difficult>0</difficult>
		<bndbox>
			<xmin>636</xmin>
			<ymin>629</ymin>
			<xmax>790</xmax>
			<ymax>875</ymax>
		</bndbox>
	</object>
	<object>
		<name>circle</name>
		<pose>Unspecified</pose>
		<truncated>0</truncated>
		<difficult>0</difficult>
		<bndbox>
			<xmin>464</xmin>
			<ymin>725</ymin>
			<xmax>701</xmax>
			<ymax>1007</ymax>
		</bndbox>
	</object>
	<object>
		<name>triangle</name>
		<pose>Unspecified</pose>
		<truncated>0</truncated>
		<difficult>0</difficult>
		<bndbox>
			<xmin>442</xmin>
			<ymin>438</ymin>
			<xmax>655</xmax>
			<ymax>673</ymax>
		</bndbox>
	</object>
</annotation>
