<annotation>
	<folder>PNG</folder>
	<filename>welsey-219.JPEG</filename>
	<path>/home/pi/Desktop/PNG/welsey-219.JPEG</path>
	<source>
		<database>Unknown</database>
	</source>
	<size>
		<width>1280</width>
		<height>1280</height>
		<depth>3</depth>
	</size>
	<segmented>0</segmented>
	<object>
		<name>triangle</name>
		<pose>Unspecified</pose>
		<truncated>0</truncated>
		<difficult>0</difficult>
		<bndbox>
			<xmin>200</xmin>
			<ymin>514</ymin>
			<xmax>448</xmax>
			<ymax>736</ymax>
		</bndbox>
	</object>
	<object>
		<name>bar</name>
		<pose>Unspecified</pose>
		<truncated>0</truncated>
		<difficult>0</difficult>
		<bndbox>
			<xmin>439</xmin>
			<ymin>270</ymin>
			<xmax>670</xmax>
			<ymax>416</ymax>
		</bndbox>
	</object>
	<object>
		<name>circle</name>
		<pose>Unspecified</pose>
		<truncated>0</truncated>
		<difficult>0</difficult>
		<bndbox>
			<xmin>489</xmin>
			<ymin>448</ymin>
			<xmax>735</xmax>
			<ymax>686</ymax>
		</bndbox>
	</object>
</annotation>
