<annotation>
	<folder>PNG</folder>
	<filename>welsey-124.JPEG</filename>
	<path>/home/pi/Desktop/PNG/welsey-124.JPEG</path>
	<source>
		<database>Unknown</database>
	</source>
	<size>
		<width>1280</width>
		<height>1280</height>
		<depth>3</depth>
	</size>
	<segmented>0</segmented>
	<object>
		<name>square</name>
		<pose>Unspecified</pose>
		<truncated>0</truncated>
		<difficult>0</difficult>
		<bndbox>
			<xmin>185</xmin>
			<ymin>196</ymin>
			<xmax>585</xmax>
			<ymax>572</ymax>
		</bndbox>
	</object>
	<object>
		<name>circle</name>
		<pose>Unspecified</pose>
		<truncated>0</truncated>
		<difficult>0</difficult>
		<bndbox>
			<xmin>724</xmin>
			<ymin>370</ymin>
			<xmax>1017</xmax>
			<ymax>655</ymax>
		</bndbox>
	</object>
	<object>
		<name>circle</name>
		<pose>Unspecified</pose>
		<truncated>0</truncated>
		<difficult>0</difficult>
		<bndbox>
			<xmin>517</xmin>
			<ymin>835</ymin>
			<xmax>842</xmax>
			<ymax>1159</ymax>
		</bndbox>
	</object>
</annotation>
