<annotation>
	<folder>PNG</folder>
	<filename>welsey-8.JPEG</filename>
	<path>/home/pi/Desktop/PNG/welsey-8.JPEG</path>
	<source>
		<database>Unknown</database>
	</source>
	<size>
		<width>1280</width>
		<height>1280</height>
		<depth>3</depth>
	</size>
	<segmented>0</segmented>
	<object>
		<name>circle</name>
		<pose>Unspecified</pose>
		<truncated>0</truncated>
		<difficult>0</difficult>
		<bndbox>
			<xmin>329</xmin>
			<ymin>288</ymin>
			<xmax>565</xmax>
			<ymax>527</ymax>
		</bndbox>
	</object>
	<object>
		<name>square</name>
		<pose>Unspecified</pose>
		<truncated>0</truncated>
		<difficult>0</difficult>
		<bndbox>
			<xmin>698</xmin>
			<ymin>611</ymin>
			<xmax>1033</xmax>
			<ymax>949</ymax>
		</bndbox>
	</object>
	<object>
		<name>bar</name>
		<pose>Unspecified</pose>
		<truncated>0</truncated>
		<difficult>0</difficult>
		<bndbox>
			<xmin>368</xmin>
			<ymin>757</ymin>
			<xmax>528</xmax>
			<ymax>994</ymax>
		</bndbox>
	</object>
</annotation>
