<annotation>
	<folder>PNG</folder>
	<filename>welsey-27.JPEG</filename>
	<path>/home/pi/Desktop/PNG/welsey-27.JPEG</path>
	<source>
		<database>Unknown</database>
	</source>
	<size>
		<width>1280</width>
		<height>1280</height>
		<depth>3</depth>
	</size>
	<segmented>0</segmented>
	<object>
		<name>circle</name>
		<pose>Unspecified</pose>
		<truncated>0</truncated>
		<difficult>0</difficult>
		<bndbox>
			<xmin>257</xmin>
			<ymin>177</ymin>
			<xmax>478</xmax>
			<ymax>396</ymax>
		</bndbox>
	</object>
	<object>
		<name>bar</name>
		<pose>Unspecified</pose>
		<truncated>0</truncated>
		<difficult>0</difficult>
		<bndbox>
			<xmin>546</xmin>
			<ymin>625</ymin>
			<xmax>713</xmax>
			<ymax>822</ymax>
		</bndbox>
	</object>
	<object>
		<name>square</name>
		<pose>Unspecified</pose>
		<truncated>0</truncated>
		<difficult>0</difficult>
		<bndbox>
			<xmin>622</xmin>
			<ymin>814</ymin>
			<xmax>926</xmax>
			<ymax>1116</ymax>
		</bndbox>
	</object>
</annotation>
