<annotation>
	<folder>PNG</folder>
	<filename>welsey-169.JPEG</filename>
	<path>/home/pi/Desktop/PNG/welsey-169.JPEG</path>
	<source>
		<database>Unknown</database>
	</source>
	<size>
		<width>1280</width>
		<height>960</height>
		<depth>3</depth>
	</size>
	<segmented>0</segmented>
	<object>
		<name>circle</name>
		<pose>Unspecified</pose>
		<truncated>0</truncated>
		<difficult>0</difficult>
		<bndbox>
			<xmin>279</xmin>
			<ymin>603</ymin>
			<xmax>524</xmax>
			<ymax>805</ymax>
		</bndbox>
	</object>
	<object>
		<name>square</name>
		<pose>Unspecified</pose>
		<truncated>0</truncated>
		<difficult>0</difficult>
		<bndbox>
			<xmin>515</xmin>
			<ymin>658</ymin>
			<xmax>820</xmax>
			<ymax>899</ymax>
		</bndbox>
	</object>
	<object>
		<name>square</name>
		<pose>Unspecified</pose>
		<truncated>0</truncated>
		<difficult>0</difficult>
		<bndbox>
			<xmin>496</xmin>
			<ymin>296</ymin>
			<xmax>822</xmax>
			<ymax>599</ymax>
		</bndbox>
	</object>
</annotation>
