<annotation>
	<folder>PNG</folder>
	<filename>welsey-104.JPEG</filename>
	<path>/home/pi/Desktop/PNG/welsey-104.JPEG</path>
	<source>
		<database>Unknown</database>
	</source>
	<size>
		<width>1280</width>
		<height>1280</height>
		<depth>3</depth>
	</size>
	<segmented>0</segmented>
	<object>
		<name>triangle</name>
		<pose>Unspecified</pose>
		<truncated>0</truncated>
		<difficult>0</difficult>
		<bndbox>
			<xmin>294</xmin>
			<ymin>672</ymin>
			<xmax>565</xmax>
			<ymax>940</ymax>
		</bndbox>
	</object>
	<object>
		<name>bar</name>
		<pose>Unspecified</pose>
		<truncated>0</truncated>
		<difficult>0</difficult>
		<bndbox>
			<xmin>357</xmin>
			<ymin>270</ymin>
			<xmax>605</xmax>
			<ymax>466</ymax>
		</bndbox>
	</object>
	<object>
		<name>square</name>
		<pose>Unspecified</pose>
		<truncated>0</truncated>
		<difficult>0</difficult>
		<bndbox>
			<xmin>572</xmin>
			<ymin>551</ymin>
			<xmax>881</xmax>
			<ymax>861</ymax>
		</bndbox>
	</object>
</annotation>
