<annotation>
	<folder>PNG</folder>
	<filename>welsey-266.JPEG</filename>
	<path>/home/pi/Desktop/PNG/welsey-266.JPEG</path>
	<source>
		<database>Unknown</database>
	</source>
	<size>
		<width>1280</width>
		<height>1280</height>
		<depth>3</depth>
	</size>
	<segmented>0</segmented>
	<object>
		<name>bar</name>
		<pose>Unspecified</pose>
		<truncated>0</truncated>
		<difficult>0</difficult>
		<bndbox>
			<xmin>578</xmin>
			<ymin>105</ymin>
			<xmax>1015</xmax>
			<ymax>296</ymax>
		</bndbox>
	</object>
	<object>
		<name>circle</name>
		<pose>Unspecified</pose>
		<truncated>0</truncated>
		<difficult>0</difficult>
		<bndbox>
			<xmin>642</xmin>
			<ymin>764</ymin>
			<xmax>1042</xmax>
			<ymax>1161</ymax>
		</bndbox>
	</object>
</annotation>
