<annotation>
	<folder>PNG</folder>
	<filename>welsey-40.JPEG</filename>
	<path>/home/pi/Desktop/PNG/welsey-40.JPEG</path>
	<source>
		<database>Unknown</database>
	</source>
	<size>
		<width>1280</width>
		<height>1280</height>
		<depth>3</depth>
	</size>
	<segmented>0</segmented>
	<object>
		<name>circle</name>
		<pose>Unspecified</pose>
		<truncated>0</truncated>
		<difficult>0</difficult>
		<bndbox>
			<xmin>237</xmin>
			<ymin>466</ymin>
			<xmax>541</xmax>
			<ymax>723</ymax>
		</bndbox>
	</object>
	<object>
		<name>circle</name>
		<pose>Unspecified</pose>
		<truncated>0</truncated>
		<difficult>0</difficult>
		<bndbox>
			<xmin>550</xmin>
			<ymin>742</ymin>
			<xmax>891</xmax>
			<ymax>1068</ymax>
		</bndbox>
	</object>
	<object>
		<name>bar</name>
		<pose>Unspecified</pose>
		<truncated>0</truncated>
		<difficult>0</difficult>
		<bndbox>
			<xmin>679</xmin>
			<ymin>346</ymin>
			<xmax>904</xmax>
			<ymax>566</ymax>
		</bndbox>
	</object>
</annotation>
