<annotation>
	<folder>PNG</folder>
	<filename>welsey-69.JPEG</filename>
	<path>/home/pi/Desktop/PNG/welsey-69.JPEG</path>
	<source>
		<database>Unknown</database>
	</source>
	<size>
		<width>1280</width>
		<height>1280</height>
		<depth>3</depth>
	</size>
	<segmented>0</segmented>
	<object>
		<name>bar</name>
		<pose>Unspecified</pose>
		<truncated>0</truncated>
		<difficult>0</difficult>
		<bndbox>
			<xmin>685</xmin>
			<ymin>273</ymin>
			<xmax>996</xmax>
			<ymax>448</ymax>
		</bndbox>
	</object>
	<object>
		<name>bar</name>
		<pose>Unspecified</pose>
		<truncated>0</truncated>
		<difficult>0</difficult>
		<bndbox>
			<xmin>350</xmin>
			<ymin>685</ymin>
			<xmax>520</xmax>
			<ymax>977</ymax>
		</bndbox>
	</object>
	<object>
		<name>circle</name>
		<pose>Unspecified</pose>
		<truncated>0</truncated>
		<difficult>0</difficult>
		<bndbox>
			<xmin>668</xmin>
			<ymin>586</ymin>
			<xmax>976</xmax>
			<ymax>888</ymax>
		</bndbox>
	</object>
</annotation>
