<annotation>
	<folder>PNG</folder>
	<filename>welsey-226.JPEG</filename>
	<path>/home/pi/Desktop/PNG/welsey-226.JPEG</path>
	<source>
		<database>Unknown</database>
	</source>
	<size>
		<width>1280</width>
		<height>1280</height>
		<depth>3</depth>
	</size>
	<segmented>0</segmented>
	<object>
		<name>triangle</name>
		<pose>Unspecified</pose>
		<truncated>0</truncated>
		<difficult>0</difficult>
		<bndbox>
			<xmin>263</xmin>
			<ymin>396</ymin>
			<xmax>522</xmax>
			<ymax>635</ymax>
		</bndbox>
	</object>
	<object>
		<name>square</name>
		<pose>Unspecified</pose>
		<truncated>0</truncated>
		<difficult>0</difficult>
		<bndbox>
			<xmin>642</xmin>
			<ymin>468</ymin>
			<xmax>972</xmax>
			<ymax>796</ymax>
		</bndbox>
	</object>
</annotation>
