<annotation>
	<folder>PNG</folder>
	<filename>welsey-157.JPEG</filename>
	<path>/home/pi/Desktop/PNG/welsey-157.JPEG</path>
	<source>
		<database>Unknown</database>
	</source>
	<size>
		<width>1280</width>
		<height>960</height>
		<depth>3</depth>
	</size>
	<segmented>0</segmented>
	<object>
		<name>triangle</name>
		<pose>Unspecified</pose>
		<truncated>0</truncated>
		<difficult>0</difficult>
		<bndbox>
			<xmin>175</xmin>
			<ymin>198</ymin>
			<xmax>384</xmax>
			<ymax>401</ymax>
		</bndbox>
	</object>
	<object>
		<name>square</name>
		<pose>Unspecified</pose>
		<truncated>0</truncated>
		<difficult>0</difficult>
		<bndbox>
			<xmin>368</xmin>
			<ymin>206</ymin>
			<xmax>651</xmax>
			<ymax>439</ymax>
		</bndbox>
	</object>
	<object>
		<name>circle</name>
		<pose>Unspecified</pose>
		<truncated>0</truncated>
		<difficult>0</difficult>
		<bndbox>
			<xmin>825</xmin>
			<ymin>187</ymin>
			<xmax>1101</xmax>
			<ymax>411</ymax>
		</bndbox>
	</object>
</annotation>
