<annotation>
	<folder>PNG</folder>
	<filename>welsey-120.JPEG</filename>
	<path>/home/pi/Desktop/PNG/welsey-120.JPEG</path>
	<source>
		<database>Unknown</database>
	</source>
	<size>
		<width>1280</width>
		<height>1280</height>
		<depth>3</depth>
	</size>
	<segmented>0</segmented>
	<object>
		<name>triangle</name>
		<pose>Unspecified</pose>
		<truncated>0</truncated>
		<difficult>0</difficult>
		<bndbox>
			<xmin>129</xmin>
			<ymin>338</ymin>
			<xmax>444</xmax>
			<ymax>681</ymax>
		</bndbox>
	</object>
	<object>
		<name>square</name>
		<pose>Unspecified</pose>
		<truncated>0</truncated>
		<difficult>0</difficult>
		<bndbox>
			<xmin>292</xmin>
			<ymin>586</ymin>
			<xmax>807</xmax>
			<ymax>1090</ymax>
		</bndbox>
	</object>
	<object>
		<name>circle</name>
		<pose>Unspecified</pose>
		<truncated>0</truncated>
		<difficult>0</difficult>
		<bndbox>
			<xmin>565</xmin>
			<ymin>188</ymin>
			<xmax>924</xmax>
			<ymax>538</ymax>
		</bndbox>
	</object>
</annotation>
