<annotation>
	<folder>PNG</folder>
	<filename>welsey-232.JPEG</filename>
	<path>/home/pi/Desktop/PNG/welsey-232.JPEG</path>
	<source>
		<database>Unknown</database>
	</source>
	<size>
		<width>1280</width>
		<height>1280</height>
		<depth>3</depth>
	</size>
	<segmented>0</segmented>
	<object>
		<name>triangle</name>
		<pose>Unspecified</pose>
		<truncated>0</truncated>
		<difficult>0</difficult>
		<bndbox>
			<xmin>191</xmin>
			<ymin>240</ymin>
			<xmax>520</xmax>
			<ymax>622</ymax>
		</bndbox>
	</object>
	<object>
		<name>square</name>
		<pose>Unspecified</pose>
		<truncated>0</truncated>
		<difficult>0</difficult>
		<bndbox>
			<xmin>492</xmin>
			<ymin>670</ymin>
			<xmax>981</xmax>
			<ymax>1149</ymax>
		</bndbox>
	</object>
</annotation>
