<annotation>
	<folder>PNG</folder>
	<filename>welsey-109.JPEG</filename>
	<path>/home/pi/Desktop/PNG/welsey-109.JPEG</path>
	<source>
		<database>Unknown</database>
	</source>
	<size>
		<width>1280</width>
		<height>1280</height>
		<depth>3</depth>
	</size>
	<segmented>0</segmented>
	<object>
		<name>square</name>
		<pose>Unspecified</pose>
		<truncated>0</truncated>
		<difficult>0</difficult>
		<bndbox>
			<xmin>252</xmin>
			<ymin>368</ymin>
			<xmax>594</xmax>
			<ymax>705</ymax>
		</bndbox>
	</object>
	<object>
		<name>square</name>
		<pose>Unspecified</pose>
		<truncated>0</truncated>
		<difficult>0</difficult>
		<bndbox>
			<xmin>476</xmin>
			<ymin>805</ymin>
			<xmax>811</xmax>
			<ymax>1148</ymax>
		</bndbox>
	</object>
	<object>
		<name>bar</name>
		<pose>Unspecified</pose>
		<truncated>0</truncated>
		<difficult>0</difficult>
		<bndbox>
			<xmin>718</xmin>
			<ymin>542</ymin>
			<xmax>909</xmax>
			<ymax>773</ymax>
		</bndbox>
	</object>
</annotation>
