<annotation>
	<folder>PNG</folder>
	<filename>welsey-217.JPEG</filename>
	<path>/home/pi/Desktop/PNG/welsey-217.JPEG</path>
	<source>
		<database>Unknown</database>
	</source>
	<size>
		<width>1280</width>
		<height>1280</height>
		<depth>3</depth>
	</size>
	<segmented>0</segmented>
	<object>
		<name>circle</name>
		<pose>Unspecified</pose>
		<truncated>0</truncated>
		<difficult>0</difficult>
		<bndbox>
			<xmin>231</xmin>
			<ymin>466</ymin>
			<xmax>485</xmax>
			<ymax>718</ymax>
		</bndbox>
	</object>
	<object>
		<name>square</name>
		<pose>Unspecified</pose>
		<truncated>0</truncated>
		<difficult>0</difficult>
		<bndbox>
			<xmin>400</xmin>
			<ymin>216</ymin>
			<xmax>744</xmax>
			<ymax>559</ymax>
		</bndbox>
	</object>
	<object>
		<name>square</name>
		<pose>Unspecified</pose>
		<truncated>0</truncated>
		<difficult>0</difficult>
		<bndbox>
			<xmin>805</xmin>
			<ymin>459</ymin>
			<xmax>1170</xmax>
			<ymax>814</ymax>
		</bndbox>
	</object>
</annotation>
