<annotation>
	<folder>PNG</folder>
	<filename>welsey-140.JPEG</filename>
	<path>/home/pi/Desktop/PNG/welsey-140.JPEG</path>
	<source>
		<database>Unknown</database>
	</source>
	<size>
		<width>1280</width>
		<height>1280</height>
		<depth>3</depth>
	</size>
	<segmented>0</segmented>
	<object>
		<name>square</name>
		<pose>Unspecified</pose>
		<truncated>0</truncated>
		<difficult>0</difficult>
		<bndbox>
			<xmin>407</xmin>
			<ymin>370</ymin>
			<xmax>717</xmax>
			<ymax>685</ymax>
		</bndbox>
	</object>
	<object>
		<name>circle</name>
		<pose>Unspecified</pose>
		<truncated>0</truncated>
		<difficult>0</difficult>
		<bndbox>
			<xmin>909</xmin>
			<ymin>301</ymin>
			<xmax>1139</xmax>
			<ymax>514</ymax>
		</bndbox>
	</object>
	<object>
		<name>circle</name>
		<pose>Unspecified</pose>
		<truncated>0</truncated>
		<difficult>0</difficult>
		<bndbox>
			<xmin>337</xmin>
			<ymin>12</ymin>
			<xmax>567</xmax>
			<ymax>233</ymax>
		</bndbox>
	</object>
</annotation>
