<annotation>
	<folder>PNG</folder>
	<filename>welsey-254.JPEG</filename>
	<path>/home/pi/Desktop/PNG/welsey-254.JPEG</path>
	<source>
		<database>Unknown</database>
	</source>
	<size>
		<width>1280</width>
		<height>1280</height>
		<depth>3</depth>
	</size>
	<segmented>0</segmented>
	<object>
		<name>square</name>
		<pose>Unspecified</pose>
		<truncated>0</truncated>
		<difficult>0</difficult>
		<bndbox>
			<xmin>189</xmin>
			<ymin>512</ymin>
			<xmax>567</xmax>
			<ymax>879</ymax>
		</bndbox>
	</object>
	<object>
		<name>triangle</name>
		<pose>Unspecified</pose>
		<truncated>0</truncated>
		<difficult>0</difficult>
		<bndbox>
			<xmin>761</xmin>
			<ymin>377</ymin>
			<xmax>996</xmax>
			<ymax>638</ymax>
		</bndbox>
	</object>
</annotation>
