<annotation>
	<folder>PNG</folder>
	<filename>welsey-137.JPEG</filename>
	<path>/home/pi/Desktop/PNG/welsey-137.JPEG</path>
	<source>
		<database>Unknown</database>
	</source>
	<size>
		<width>1280</width>
		<height>1280</height>
		<depth>3</depth>
	</size>
	<segmented>0</segmented>
	<object>
		<name>circle</name>
		<pose>Unspecified</pose>
		<truncated>0</truncated>
		<difficult>0</difficult>
		<bndbox>
			<xmin>163</xmin>
			<ymin>435</ymin>
			<xmax>496</xmax>
			<ymax>768</ymax>
		</bndbox>
	</object>
	<object>
		<name>square</name>
		<pose>Unspecified</pose>
		<truncated>0</truncated>
		<difficult>0</difficult>
		<bndbox>
			<xmin>450</xmin>
			<ymin>498</ymin>
			<xmax>907</xmax>
			<ymax>959</ymax>
		</bndbox>
	</object>
	<object>
		<name>bar</name>
		<pose>Unspecified</pose>
		<truncated>0</truncated>
		<difficult>0</difficult>
		<bndbox>
			<xmin>322</xmin>
			<ymin>783</ymin>
			<xmax>600</xmax>
			<ymax>1053</ymax>
		</bndbox>
	</object>
</annotation>
