<annotation>
	<folder>PNG</folder>
	<filename>welsey-268.JPEG</filename>
	<path>/home/pi/Desktop/PNG/welsey-268.JPEG</path>
	<source>
		<database>Unknown</database>
	</source>
	<size>
		<width>1280</width>
		<height>1280</height>
		<depth>3</depth>
	</size>
	<segmented>0</segmented>
	<object>
		<name>square</name>
		<pose>Unspecified</pose>
		<truncated>0</truncated>
		<difficult>0</difficult>
		<bndbox>
			<xmin>613</xmin>
			<ymin>181</ymin>
			<xmax>937</xmax>
			<ymax>516</ymax>
		</bndbox>
	</object>
	<object>
		<name>circle</name>
		<pose>Unspecified</pose>
		<truncated>0</truncated>
		<difficult>0</difficult>
		<bndbox>
			<xmin>461</xmin>
			<ymin>723</ymin>
			<xmax>717</xmax>
			<ymax>985</ymax>
		</bndbox>
	</object>
	<object>
		<name>circle</name>
		<pose>Unspecified</pose>
		<truncated>0</truncated>
		<difficult>0</difficult>
		<bndbox>
			<xmin>905</xmin>
			<ymin>607</ymin>
			<xmax>1148</xmax>
			<ymax>855</ymax>
		</bndbox>
	</object>
</annotation>
