<annotation>
	<folder>PNG</folder>
	<filename>welsey-177.JPEG</filename>
	<path>/home/pi/Desktop/PNG/welsey-177.JPEG</path>
	<source>
		<database>Unknown</database>
	</source>
	<size>
		<width>960</width>
		<height>1280</height>
		<depth>3</depth>
	</size>
	<segmented>0</segmented>
	<object>
		<name>square</name>
		<pose>Unspecified</pose>
		<truncated>0</truncated>
		<difficult>0</difficult>
		<bndbox>
			<xmin>279</xmin>
			<ymin>220</ymin>
			<xmax>484</xmax>
			<ymax>431</ymax>
		</bndbox>
	</object>
	<object>
		<name>triangle</name>
		<pose>Unspecified</pose>
		<truncated>0</truncated>
		<difficult>0</difficult>
		<bndbox>
			<xmin>551</xmin>
			<ymin>361</ymin>
			<xmax>732</xmax>
			<ymax>533</ymax>
		</bndbox>
	</object>
	<object>
		<name>triangle</name>
		<pose>Unspecified</pose>
		<truncated>0</truncated>
		<difficult>0</difficult>
		<bndbox>
			<xmin>303</xmin>
			<ymin>581</ymin>
			<xmax>488</xmax>
			<ymax>759</ymax>
		</bndbox>
	</object>
	<object>
		<name>bar</name>
		<pose>Unspecified</pose>
		<truncated>0</truncated>
		<difficult>0</difficult>
		<bndbox>
			<xmin>590</xmin>
			<ymin>677</ymin>
			<xmax>757</xmax>
			<ymax>844</ymax>
		</bndbox>
	</object>
</annotation>
