<annotation>
	<folder>PNG</folder>
	<filename>welsey-174.JPEG</filename>
	<path>/home/pi/Desktop/PNG/welsey-174.JPEG</path>
	<source>
		<database>Unknown</database>
	</source>
	<size>
		<width>960</width>
		<height>1280</height>
		<depth>3</depth>
	</size>
	<segmented>0</segmented>
	<object>
		<name>bar</name>
		<pose>Unspecified</pose>
		<truncated>0</truncated>
		<difficult>0</difficult>
		<bndbox>
			<xmin>292</xmin>
			<ymin>455</ymin>
			<xmax>377</xmax>
			<ymax>712</ymax>
		</bndbox>
	</object>
	<object>
		<name>square</name>
		<pose>Unspecified</pose>
		<truncated>0</truncated>
		<difficult>0</difficult>
		<bndbox>
			<xmin>444</xmin>
			<ymin>570</ymin>
			<xmax>794</xmax>
			<ymax>911</ymax>
		</bndbox>
	</object>
	<object>
		<name>circle</name>
		<pose>Unspecified</pose>
		<truncated>0</truncated>
		<difficult>0</difficult>
		<bndbox>
			<xmin>453</xmin>
			<ymin>142</ymin>
			<xmax>708</xmax>
			<ymax>386</ymax>
		</bndbox>
	</object>
</annotation>
