<annotation>
	<folder>PNG</folder>
	<filename>welsey-67.JPEG</filename>
	<path>/home/pi/Desktop/PNG/welsey-67.JPEG</path>
	<source>
		<database>Unknown</database>
	</source>
	<size>
		<width>1280</width>
		<height>1280</height>
		<depth>3</depth>
	</size>
	<segmented>0</segmented>
	<object>
		<name>triangle</name>
		<pose>Unspecified</pose>
		<truncated>0</truncated>
		<difficult>0</difficult>
		<bndbox>
			<xmin>385</xmin>
			<ymin>579</ymin>
			<xmax>665</xmax>
			<ymax>838</ymax>
		</bndbox>
	</object>
	<object>
		<name>circle</name>
		<pose>Unspecified</pose>
		<truncated>0</truncated>
		<difficult>0</difficult>
		<bndbox>
			<xmin>835</xmin>
			<ymin>603</ymin>
			<xmax>1120</xmax>
			<ymax>896</ymax>
		</bndbox>
	</object>
</annotation>
