<annotation>
	<folder>PNG</folder>
	<filename>welsey-30.JPEG</filename>
	<path>/home/pi/Desktop/PNG/welsey-30.JPEG</path>
	<source>
		<database>Unknown</database>
	</source>
	<size>
		<width>1280</width>
		<height>1280</height>
		<depth>3</depth>
	</size>
	<segmented>0</segmented>
	<object>
		<name>square</name>
		<pose>Unspecified</pose>
		<truncated>0</truncated>
		<difficult>0</difficult>
		<bndbox>
			<xmin>292</xmin>
			<ymin>273</ymin>
			<xmax>624</xmax>
			<ymax>607</ymax>
		</bndbox>
	</object>
	<object>
		<name>circle</name>
		<pose>Unspecified</pose>
		<truncated>0</truncated>
		<difficult>0</difficult>
		<bndbox>
			<xmin>757</xmin>
			<ymin>438</ymin>
			<xmax>992</xmax>
			<ymax>675</ymax>
		</bndbox>
	</object>
	<object>
		<name>circle</name>
		<pose>Unspecified</pose>
		<truncated>0</truncated>
		<difficult>0</difficult>
		<bndbox>
			<xmin>363</xmin>
			<ymin>790</ymin>
			<xmax>602</xmax>
			<ymax>1027</ymax>
		</bndbox>
	</object>
</annotation>
