<annotation>
	<folder>PNG</folder>
	<filename>welsey-211.JPEG</filename>
	<path>/home/pi/Desktop/PNG/welsey-211.JPEG</path>
	<source>
		<database>Unknown</database>
	</source>
	<size>
		<width>1280</width>
		<height>1280</height>
		<depth>3</depth>
	</size>
	<segmented>0</segmented>
	<object>
		<name>circle</name>
		<pose>Unspecified</pose>
		<truncated>0</truncated>
		<difficult>0</difficult>
		<bndbox>
			<xmin>217</xmin>
			<ymin>323</ymin>
			<xmax>481</xmax>
			<ymax>583</ymax>
		</bndbox>
	</object>
	<object>
		<name>square</name>
		<pose>Unspecified</pose>
		<truncated>0</truncated>
		<difficult>0</difficult>
		<bndbox>
			<xmin>657</xmin>
			<ymin>429</ymin>
			<xmax>961</xmax>
			<ymax>727</ymax>
		</bndbox>
	</object>
	<object>
		<name>bar</name>
		<pose>Unspecified</pose>
		<truncated>0</truncated>
		<difficult>0</difficult>
		<bndbox>
			<xmin>420</xmin>
			<ymin>720</ymin>
			<xmax>681</xmax>
			<ymax>931</ymax>
		</bndbox>
	</object>
</annotation>
