<annotation>
	<folder>PNG</folder>
	<filename>welsey-151.JPEG</filename>
	<path>/home/pi/Desktop/PNG/welsey-151.JPEG</path>
	<source>
		<database>Unknown</database>
	</source>
	<size>
		<width>1280</width>
		<height>960</height>
		<depth>3</depth>
	</size>
	<segmented>0</segmented>
	<object>
		<name>bar</name>
		<pose>Unspecified</pose>
		<truncated>0</truncated>
		<difficult>0</difficult>
		<bndbox>
			<xmin>215</xmin>
			<ymin>568</ymin>
			<xmax>330</xmax>
			<ymax>836</ymax>
		</bndbox>
	</object>
	<object>
		<name>bar</name>
		<pose>Unspecified</pose>
		<truncated>0</truncated>
		<difficult>0</difficult>
		<bndbox>
			<xmin>317</xmin>
			<ymin>822</ymin>
			<xmax>632</xmax>
			<ymax>889</ymax>
		</bndbox>
	</object>
	<object>
		<name>square</name>
		<pose>Unspecified</pose>
		<truncated>0</truncated>
		<difficult>0</difficult>
		<bndbox>
			<xmin>534</xmin>
			<ymin>49</ymin>
			<xmax>1106</xmax>
			<ymax>593</ymax>
		</bndbox>
	</object>
</annotation>
