<annotation>
	<folder>PNG</folder>
	<filename>welsey-206.JPEG</filename>
	<path>/home/pi/Desktop/PNG/welsey-206.JPEG</path>
	<source>
		<database>Unknown</database>
	</source>
	<size>
		<width>1280</width>
		<height>1280</height>
		<depth>3</depth>
	</size>
	<segmented>0</segmented>
	<object>
		<name>circle</name>
		<pose>Unspecified</pose>
		<truncated>0</truncated>
		<difficult>0</difficult>
		<bndbox>
			<xmin>152</xmin>
			<ymin>242</ymin>
			<xmax>465</xmax>
			<ymax>557</ymax>
		</bndbox>
	</object>
	<object>
		<name>bar</name>
		<pose>Unspecified</pose>
		<truncated>0</truncated>
		<difficult>0</difficult>
		<bndbox>
			<xmin>185</xmin>
			<ymin>749</ymin>
			<xmax>448</xmax>
			<ymax>1062</ymax>
		</bndbox>
	</object>
	<object>
		<name>square</name>
		<pose>Unspecified</pose>
		<truncated>0</truncated>
		<difficult>0</difficult>
		<bndbox>
			<xmin>741</xmin>
			<ymin>468</ymin>
			<xmax>1187</xmax>
			<ymax>903</ymax>
		</bndbox>
	</object>
</annotation>
