<annotation>
	<folder>PNG</folder>
	<filename>welsey-235.JPEG</filename>
	<path>/home/pi/Desktop/PNG/welsey-235.JPEG</path>
	<source>
		<database>Unknown</database>
	</source>
	<size>
		<width>1280</width>
		<height>1280</height>
		<depth>3</depth>
	</size>
	<segmented>0</segmented>
	<object>
		<name>circle</name>
		<pose>Unspecified</pose>
		<truncated>0</truncated>
		<difficult>0</difficult>
		<bndbox>
			<xmin>317</xmin>
			<ymin>216</ymin>
			<xmax>600</xmax>
			<ymax>483</ymax>
		</bndbox>
	</object>
	<object>
		<name>circle</name>
		<pose>Unspecified</pose>
		<truncated>0</truncated>
		<difficult>0</difficult>
		<bndbox>
			<xmin>652</xmin>
			<ymin>429</ymin>
			<xmax>941</xmax>
			<ymax>712</ymax>
		</bndbox>
	</object>
	<object>
		<name>bar</name>
		<pose>Unspecified</pose>
		<truncated>0</truncated>
		<difficult>0</difficult>
		<bndbox>
			<xmin>263</xmin>
			<ymin>748</ymin>
			<xmax>559</xmax>
			<ymax>923</ymax>
		</bndbox>
	</object>
</annotation>
