<annotation>
	<folder>PNG</folder>
	<filename>welsey-240.JPEG</filename>
	<path>/home/pi/Desktop/PNG/welsey-240.JPEG</path>
	<source>
		<database>Unknown</database>
	</source>
	<size>
		<width>1280</width>
		<height>1280</height>
		<depth>3</depth>
	</size>
	<segmented>0</segmented>
	<object>
		<name>square</name>
		<pose>Unspecified</pose>
		<truncated>0</truncated>
		<difficult>0</difficult>
		<bndbox>
			<xmin>196</xmin>
			<ymin>492</ymin>
			<xmax>585</xmax>
			<ymax>868</ymax>
		</bndbox>
	</object>
	<object>
		<name>circle</name>
		<pose>Unspecified</pose>
		<truncated>0</truncated>
		<difficult>0</difficult>
		<bndbox>
			<xmin>691</xmin>
			<ymin>418</ymin>
			<xmax>954</xmax>
			<ymax>690</ymax>
		</bndbox>
	</object>
</annotation>
