<annotation>
	<folder>PNG</folder>
	<filename>welsey-150.JPEG</filename>
	<path>/home/pi/Desktop/PNG/welsey-150.JPEG</path>
	<source>
		<database>Unknown</database>
	</source>
	<size>
		<width>1280</width>
		<height>960</height>
		<depth>3</depth>
	</size>
	<segmented>0</segmented>
	<object>
		<name>square</name>
		<pose>Unspecified</pose>
		<truncated>0</truncated>
		<difficult>0</difficult>
		<bndbox>
			<xmin>424</xmin>
			<ymin>544</ymin>
			<xmax>724</xmax>
			<ymax>770</ymax>
		</bndbox>
	</object>
	<object>
		<name>bar</name>
		<pose>Unspecified</pose>
		<truncated>0</truncated>
		<difficult>0</difficult>
		<bndbox>
			<xmin>741</xmin>
			<ymin>332</ymin>
			<xmax>803</xmax>
			<ymax>582</ymax>
		</bndbox>
	</object>
	<object>
		<name>bar</name>
		<pose>Unspecified</pose>
		<truncated>0</truncated>
		<difficult>0</difficult>
		<bndbox>
			<xmin>439</xmin>
			<ymin>282</ymin>
			<xmax>744</xmax>
			<ymax>411</ymax>
		</bndbox>
	</object>
</annotation>
