<annotation>
	<folder>PNG</folder>
	<filename>welsey-142.JPEG</filename>
	<path>/home/pi/Desktop/PNG/welsey-142.JPEG</path>
	<source>
		<database>Unknown</database>
	</source>
	<size>
		<width>1280</width>
		<height>1280</height>
		<depth>3</depth>
	</size>
	<segmented>0</segmented>
	<object>
		<name>square</name>
		<pose>Unspecified</pose>
		<truncated>0</truncated>
		<difficult>0</difficult>
		<bndbox>
			<xmin>433</xmin>
			<ymin>231</ymin>
			<xmax>648</xmax>
			<ymax>449</ymax>
		</bndbox>
	</object>
	<object>
		<name>triangle</name>
		<pose>Unspecified</pose>
		<truncated>0</truncated>
		<difficult>0</difficult>
		<bndbox>
			<xmin>422</xmin>
			<ymin>496</ymin>
			<xmax>602</xmax>
			<ymax>686</ymax>
		</bndbox>
	</object>
	<object>
		<name>circle</name>
		<pose>Unspecified</pose>
		<truncated>0</truncated>
		<difficult>0</difficult>
		<bndbox>
			<xmin>455</xmin>
			<ymin>690</ymin>
			<xmax>648</xmax>
			<ymax>888</ymax>
		</bndbox>
	</object>
</annotation>
