<annotation>
	<folder>PNG</folder>
	<filename>welsey-75.JPEG</filename>
	<path>/home/pi/Desktop/PNG/welsey-75.JPEG</path>
	<source>
		<database>Unknown</database>
	</source>
	<size>
		<width>1280</width>
		<height>1280</height>
		<depth>3</depth>
	</size>
	<segmented>0</segmented>
	<object>
		<name>triangle</name>
		<pose>Unspecified</pose>
		<truncated>0</truncated>
		<difficult>0</difficult>
		<bndbox>
			<xmin>737</xmin>
			<ymin>575</ymin>
			<xmax>1015</xmax>
			<ymax>816</ymax>
		</bndbox>
	</object>
	<object>
		<name>square</name>
		<pose>Unspecified</pose>
		<truncated>0</truncated>
		<difficult>0</difficult>
		<bndbox>
			<xmin>309</xmin>
			<ymin>483</ymin>
			<xmax>672</xmax>
			<ymax>851</ymax>
		</bndbox>
	</object>
</annotation>
