<annotation>
	<folder>PNG</folder>
	<filename>welsey-39.JPEG</filename>
	<path>/home/pi/Desktop/PNG/welsey-39.JPEG</path>
	<source>
		<database>Unknown</database>
	</source>
	<size>
		<width>1280</width>
		<height>1280</height>
		<depth>3</depth>
	</size>
	<segmented>0</segmented>
	<object>
		<name>circle</name>
		<pose>Unspecified</pose>
		<truncated>0</truncated>
		<difficult>0</difficult>
		<bndbox>
			<xmin>550</xmin>
			<ymin>262</ymin>
			<xmax>802</xmax>
			<ymax>481</ymax>
		</bndbox>
	</object>
	<object>
		<name>square</name>
		<pose>Unspecified</pose>
		<truncated>0</truncated>
		<difficult>0</difficult>
		<bndbox>
			<xmin>244</xmin>
			<ymin>485</ymin>
			<xmax>578</xmax>
			<ymax>807</ymax>
		</bndbox>
	</object>
	<object>
		<name>triangle</name>
		<pose>Unspecified</pose>
		<truncated>0</truncated>
		<difficult>0</difficult>
		<bndbox>
			<xmin>757</xmin>
			<ymin>635</ymin>
			<xmax>1028</xmax>
			<ymax>894</ymax>
		</bndbox>
	</object>
</annotation>
