<annotation>
	<folder>PNG</folder>
	<filename>welsey-37.JPEG</filename>
	<path>/home/pi/Desktop/PNG/welsey-37.JPEG</path>
	<source>
		<database>Unknown</database>
	</source>
	<size>
		<width>1280</width>
		<height>1280</height>
		<depth>3</depth>
	</size>
	<segmented>0</segmented>
	<object>
		<name>square</name>
		<pose>Unspecified</pose>
		<truncated>0</truncated>
		<difficult>0</difficult>
		<bndbox>
			<xmin>200</xmin>
			<ymin>398</ymin>
			<xmax>620</xmax>
			<ymax>831</ymax>
		</bndbox>
	</object>
	<object>
		<name>triangle</name>
		<pose>Unspecified</pose>
		<truncated>0</truncated>
		<difficult>0</difficult>
		<bndbox>
			<xmin>798</xmin>
			<ymin>596</ymin>
			<xmax>1111</xmax>
			<ymax>866</ymax>
		</bndbox>
	</object>
</annotation>
