<annotation>
	<folder>PNG</folder>
	<filename>welsey-41.JPEG</filename>
	<path>/home/pi/Desktop/PNG/welsey-41.JPEG</path>
	<source>
		<database>Unknown</database>
	</source>
	<size>
		<width>1280</width>
		<height>1280</height>
		<depth>3</depth>
	</size>
	<segmented>0</segmented>
	<object>
		<name>bar</name>
		<pose>Unspecified</pose>
		<truncated>0</truncated>
		<difficult>0</difficult>
		<bndbox>
			<xmin>655</xmin>
			<ymin>353</ymin>
			<xmax>757</xmax>
			<ymax>601</ymax>
		</bndbox>
	</object>
	<object>
		<name>circle</name>
		<pose>Unspecified</pose>
		<truncated>0</truncated>
		<difficult>0</difficult>
		<bndbox>
			<xmin>179</xmin>
			<ymin>677</ymin>
			<xmax>524</xmax>
			<ymax>1001</ymax>
		</bndbox>
	</object>
	<object>
		<name>triangle</name>
		<pose>Unspecified</pose>
		<truncated>0</truncated>
		<difficult>0</difficult>
		<bndbox>
			<xmin>726</xmin>
			<ymin>759</ymin>
			<xmax>1029</xmax>
			<ymax>1096</ymax>
		</bndbox>
	</object>
</annotation>
