<annotation>
	<folder>PNG</folder>
	<filename>welsey-257.JPEG</filename>
	<path>/home/pi/Desktop/PNG/welsey-257.JPEG</path>
	<source>
		<database>Unknown</database>
	</source>
	<size>
		<width>1280</width>
		<height>1280</height>
		<depth>3</depth>
	</size>
	<segmented>0</segmented>
	<object>
		<name>bar</name>
		<pose>Unspecified</pose>
		<truncated>0</truncated>
		<difficult>0</difficult>
		<bndbox>
			<xmin>379</xmin>
			<ymin>557</ymin>
			<xmax>650</xmax>
			<ymax>807</ymax>
		</bndbox>
	</object>
	<object>
		<name>circle</name>
		<pose>Unspecified</pose>
		<truncated>0</truncated>
		<difficult>0</difficult>
		<bndbox>
			<xmin>639</xmin>
			<ymin>229</ymin>
			<xmax>946</xmax>
			<ymax>538</ymax>
		</bndbox>
	</object>
</annotation>
