<annotation>
	<folder>PNG</folder>
	<filename>welsey-201.JPEG</filename>
	<path>/home/pi/Desktop/PNG/welsey-201.JPEG</path>
	<source>
		<database>Unknown</database>
	</source>
	<size>
		<width>1280</width>
		<height>960</height>
		<depth>3</depth>
	</size>
	<segmented>0</segmented>
	<object>
		<name>triangle</name>
		<pose>Unspecified</pose>
		<truncated>0</truncated>
		<difficult>0</difficult>
		<bndbox>
			<xmin>544</xmin>
			<ymin>270</ymin>
			<xmax>696</xmax>
			<ymax>439</ymax>
		</bndbox>
	</object>
	<object>
		<name>circle</name>
		<pose>Unspecified</pose>
		<truncated>0</truncated>
		<difficult>0</difficult>
		<bndbox>
			<xmin>765</xmin>
			<ymin>432</ymin>
			<xmax>948</xmax>
			<ymax>608</ymax>
		</bndbox>
	</object>
	<object>
		<name>bar</name>
		<pose>Unspecified</pose>
		<truncated>0</truncated>
		<difficult>0</difficult>
		<bndbox>
			<xmin>694</xmin>
			<ymin>165</ymin>
			<xmax>803</xmax>
			<ymax>336</ymax>
		</bndbox>
	</object>
</annotation>
