<annotation>
	<folder>PNG</folder>
	<filename>welsey-148.JPEG</filename>
	<path>/home/pi/Desktop/PNG/welsey-148.JPEG</path>
	<source>
		<database>Unknown</database>
	</source>
	<size>
		<width>1280</width>
		<height>960</height>
		<depth>3</depth>
	</size>
	<segmented>0</segmented>
	<object>
		<name>circle</name>
		<pose>Unspecified</pose>
		<truncated>0</truncated>
		<difficult>0</difficult>
		<bndbox>
			<xmin>446</xmin>
			<ymin>472</ymin>
			<xmax>686</xmax>
			<ymax>684</ymax>
		</bndbox>
	</object>
	<object>
		<name>square</name>
		<pose>Unspecified</pose>
		<truncated>0</truncated>
		<difficult>0</difficult>
		<bndbox>
			<xmin>625</xmin>
			<ymin>258</ymin>
			<xmax>917</xmax>
			<ymax>493</ymax>
		</bndbox>
	</object>
</annotation>
