<annotation>
	<folder>PNG</folder>
	<filename>welsey-238.JPEG</filename>
	<path>/home/pi/Desktop/PNG/welsey-238.JPEG</path>
	<source>
		<database>Unknown</database>
	</source>
	<size>
		<width>1280</width>
		<height>1280</height>
		<depth>3</depth>
	</size>
	<segmented>0</segmented>
	<object>
		<name>circle</name>
		<pose>Unspecified</pose>
		<truncated>0</truncated>
		<difficult>0</difficult>
		<bndbox>
			<xmin>285</xmin>
			<ymin>290</ymin>
			<xmax>522</xmax>
			<ymax>514</ymax>
		</bndbox>
	</object>
	<object>
		<name>square</name>
		<pose>Unspecified</pose>
		<truncated>0</truncated>
		<difficult>0</difficult>
		<bndbox>
			<xmin>455</xmin>
			<ymin>427</ymin>
			<xmax>791</xmax>
			<ymax>753</ymax>
		</bndbox>
	</object>
</annotation>
