<annotation>
	<folder>PNG</folder>
	<filename>welsey-264.JPEG</filename>
	<path>/home/pi/Desktop/PNG/welsey-264.JPEG</path>
	<source>
		<database>Unknown</database>
	</source>
	<size>
		<width>1280</width>
		<height>1280</height>
		<depth>3</depth>
	</size>
	<segmented>0</segmented>
	<object>
		<name>circle</name>
		<pose>Unspecified</pose>
		<truncated>0</truncated>
		<difficult>0</difficult>
		<bndbox>
			<xmin>574</xmin>
			<ymin>457</ymin>
			<xmax>770</xmax>
			<ymax>666</ymax>
		</bndbox>
	</object>
	<object>
		<name>bar</name>
		<pose>Unspecified</pose>
		<truncated>0</truncated>
		<difficult>0</difficult>
		<bndbox>
			<xmin>728</xmin>
			<ymin>720</ymin>
			<xmax>909</xmax>
			<ymax>818</ymax>
		</bndbox>
	</object>
</annotation>
