<annotation>
	<folder>PNG</folder>
	<filename>welsey-152.JPEG</filename>
	<path>/home/pi/Desktop/PNG/welsey-152.JPEG</path>
	<source>
		<database>Unknown</database>
	</source>
	<size>
		<width>1280</width>
		<height>960</height>
		<depth>3</depth>
	</size>
	<segmented>0</segmented>
	<object>
		<name>circle</name>
		<pose>Unspecified</pose>
		<truncated>0</truncated>
		<difficult>0</difficult>
		<bndbox>
			<xmin>420</xmin>
			<ymin>282</ymin>
			<xmax>736</xmax>
			<ymax>555</ymax>
		</bndbox>
	</object>
	<object>
		<name>square</name>
		<pose>Unspecified</pose>
		<truncated>0</truncated>
		<difficult>0</difficult>
		<bndbox>
			<xmin>175</xmin>
			<ymin>487</ymin>
			<xmax>570</xmax>
			<ymax>784</ymax>
		</bndbox>
	</object>
	<object>
		<name>square</name>
		<pose>Unspecified</pose>
		<truncated>0</truncated>
		<difficult>0</difficult>
		<bndbox>
			<xmin>589</xmin>
			<ymin>567</ymin>
			<xmax>913</xmax>
			<ymax>822</ymax>
		</bndbox>
	</object>
</annotation>
