<annotation>
	<folder>PNG</folder>
	<filename>welsey-20.JPEG</filename>
	<path>/home/pi/Desktop/PNG/welsey-20.JPEG</path>
	<source>
		<database>Unknown</database>
	</source>
	<size>
		<width>1280</width>
		<height>1280</height>
		<depth>3</depth>
	</size>
	<segmented>0</segmented>
	<object>
		<name>triangle</name>
		<pose>Unspecified</pose>
		<truncated>0</truncated>
		<difficult>0</difficult>
		<bndbox>
			<xmin>509</xmin>
			<ymin>340</ymin>
			<xmax>735</xmax>
			<ymax>566</ymax>
		</bndbox>
	</object>
	<object>
		<name>circle</name>
		<pose>Unspecified</pose>
		<truncated>0</truncated>
		<difficult>0</difficult>
		<bndbox>
			<xmin>605</xmin>
			<ymin>646</ymin>
			<xmax>855</xmax>
			<ymax>898</ymax>
		</bndbox>
	</object>
</annotation>
