<annotation>
	<folder>PNG</folder>
	<filename>welsey-196.JPEG</filename>
	<path>/home/pi/Desktop/PNG/welsey-196.JPEG</path>
	<source>
		<database>Unknown</database>
	</source>
	<size>
		<width>1280</width>
		<height>960</height>
		<depth>3</depth>
	</size>
	<segmented>0</segmented>
	<object>
		<name>square</name>
		<pose>Unspecified</pose>
		<truncated>0</truncated>
		<difficult>0</difficult>
		<bndbox>
			<xmin>118</xmin>
			<ymin>389</ymin>
			<xmax>491</xmax>
			<ymax>677</ymax>
		</bndbox>
	</object>
	<object>
		<name>square</name>
		<pose>Unspecified</pose>
		<truncated>0</truncated>
		<difficult>0</difficult>
		<bndbox>
			<xmin>551</xmin>
			<ymin>118</ymin>
			<xmax>875</xmax>
			<ymax>339</ymax>
		</bndbox>
	</object>
	<object>
		<name>circle</name>
		<pose>Unspecified</pose>
		<truncated>0</truncated>
		<difficult>0</difficult>
		<bndbox>
			<xmin>579</xmin>
			<ymin>377</ymin>
			<xmax>882</xmax>
			<ymax>634</ymax>
		</bndbox>
	</object>
</annotation>
