<annotation>
	<folder>PNG</folder>
	<filename>welsey-31.JPEG</filename>
	<path>/home/pi/Desktop/PNG/welsey-31.JPEG</path>
	<source>
		<database>Unknown</database>
	</source>
	<size>
		<width>1280</width>
		<height>1280</height>
		<depth>3</depth>
	</size>
	<segmented>0</segmented>
	<object>
		<name>square</name>
		<pose>Unspecified</pose>
		<truncated>0</truncated>
		<difficult>0</difficult>
		<bndbox>
			<xmin>374</xmin>
			<ymin>236</ymin>
			<xmax>754</xmax>
			<ymax>629</ymax>
		</bndbox>
	</object>
	<object>
		<name>triangle</name>
		<pose>Unspecified</pose>
		<truncated>0</truncated>
		<difficult>0</difficult>
		<bndbox>
			<xmin>667</xmin>
			<ymin>609</ymin>
			<xmax>931</xmax>
			<ymax>838</ymax>
		</bndbox>
	</object>
	<object>
		<name>circle</name>
		<pose>Unspecified</pose>
		<truncated>0</truncated>
		<difficult>0</difficult>
		<bndbox>
			<xmin>402</xmin>
			<ymin>829</ymin>
			<xmax>672</xmax>
			<ymax>1103</ymax>
		</bndbox>
	</object>
</annotation>
