<annotation>
	<folder>PNG</folder>
	<filename>welsey-58.JPEG</filename>
	<path>/home/pi/Desktop/PNG/welsey-58.JPEG</path>
	<source>
		<database>Unknown</database>
	</source>
	<size>
		<width>1280</width>
		<height>1280</height>
		<depth>3</depth>
	</size>
	<segmented>0</segmented>
	<object>
		<name>square</name>
		<pose>Unspecified</pose>
		<truncated>0</truncated>
		<difficult>0</difficult>
		<bndbox>
			<xmin>513</xmin>
			<ymin>264</ymin>
			<xmax>804</xmax>
			<ymax>542</ymax>
		</bndbox>
	</object>
	<object>
		<name>bar</name>
		<pose>Unspecified</pose>
		<truncated>0</truncated>
		<difficult>0</difficult>
		<bndbox>
			<xmin>346</xmin>
			<ymin>559</ymin>
			<xmax>405</xmax>
			<ymax>811</ymax>
		</bndbox>
	</object>
	<object>
		<name>bar</name>
		<pose>Unspecified</pose>
		<truncated>0</truncated>
		<difficult>0</difficult>
		<bndbox>
			<xmin>824</xmin>
			<ymin>655</ymin>
			<xmax>920</xmax>
			<ymax>914</ymax>
		</bndbox>
	</object>
	<object>
		<name>circle</name>
		<pose>Unspecified</pose>
		<truncated>0</truncated>
		<difficult>0</difficult>
		<bndbox>
			<xmin>524</xmin>
			<ymin>857</ymin>
			<xmax>768</xmax>
			<ymax>1107</ymax>
		</bndbox>
	</object>
</annotation>
