<annotation>
	<folder>PNG</folder>
	<filename>welsey-29.JPEG</filename>
	<path>/home/pi/Desktop/PNG/welsey-29.JPEG</path>
	<source>
		<database>Unknown</database>
	</source>
	<size>
		<width>1280</width>
		<height>1280</height>
		<depth>3</depth>
	</size>
	<segmented>0</segmented>
	<object>
		<name>square</name>
		<pose>Unspecified</pose>
		<truncated>0</truncated>
		<difficult>0</difficult>
		<bndbox>
			<xmin>304</xmin>
			<ymin>703</ymin>
			<xmax>550</xmax>
			<ymax>953</ymax>
		</bndbox>
	</object>
	<object>
		<name>square</name>
		<pose>Unspecified</pose>
		<truncated>0</truncated>
		<difficult>0</difficult>
		<bndbox>
			<xmin>635</xmin>
			<ymin>473</ymin>
			<xmax>909</xmax>
			<ymax>746</ymax>
		</bndbox>
	</object>
	<object>
		<name>bar</name>
		<pose>Unspecified</pose>
		<truncated>0</truncated>
		<difficult>0</difficult>
		<bndbox>
			<xmin>633</xmin>
			<ymin>903</ymin>
			<xmax>796</xmax>
			<ymax>1094</ymax>
		</bndbox>
	</object>
	<object>
		<name>bar</name>
		<pose>Unspecified</pose>
		<truncated>0</truncated>
		<difficult>0</difficult>
		<bndbox>
			<xmin>602</xmin>
			<ymin>249</ymin>
			<xmax>813</xmax>
			<ymax>353</ymax>
		</bndbox>
	</object>
</annotation>
