<annotation>
	<folder>PNG</folder>
	<filename>welsey-204.JPEG</filename>
	<path>/home/pi/Desktop/PNG/welsey-204.JPEG</path>
	<source>
		<database>Unknown</database>
	</source>
	<size>
		<width>1280</width>
		<height>1280</height>
		<depth>3</depth>
	</size>
	<segmented>0</segmented>
	<object>
		<name>circle</name>
		<pose>Unspecified</pose>
		<truncated>0</truncated>
		<difficult>0</difficult>
		<bndbox>
			<xmin>328</xmin>
			<ymin>716</ymin>
			<xmax>600</xmax>
			<ymax>998</ymax>
		</bndbox>
	</object>
	<object>
		<name>square</name>
		<pose>Unspecified</pose>
		<truncated>0</truncated>
		<difficult>0</difficult>
		<bndbox>
			<xmin>567</xmin>
			<ymin>829</ymin>
			<xmax>946</xmax>
			<ymax>1222</ymax>
		</bndbox>
	</object>
	<object>
		<name>bar</name>
		<pose>Unspecified</pose>
		<truncated>0</truncated>
		<difficult>0</difficult>
		<bndbox>
			<xmin>344</xmin>
			<ymin>266</ymin>
			<xmax>592</xmax>
			<ymax>462</ymax>
		</bndbox>
	</object>
</annotation>
