<annotation>
	<folder>PNG</folder>
	<filename>welsey-135.JPEG</filename>
	<path>/home/pi/Desktop/PNG/welsey-135.JPEG</path>
	<source>
		<database>Unknown</database>
	</source>
	<size>
		<width>1280</width>
		<height>1280</height>
		<depth>3</depth>
	</size>
	<segmented>0</segmented>
	<object>
		<name>square</name>
		<pose>Unspecified</pose>
		<truncated>0</truncated>
		<difficult>0</difficult>
		<bndbox>
			<xmin>313</xmin>
			<ymin>344</ymin>
			<xmax>617</xmax>
			<ymax>646</ymax>
		</bndbox>
	</object>
	<object>
		<name>triangle</name>
		<pose>Unspecified</pose>
		<truncated>0</truncated>
		<difficult>0</difficult>
		<bndbox>
			<xmin>433</xmin>
			<ymin>729</ymin>
			<xmax>667</xmax>
			<ymax>964</ymax>
		</bndbox>
	</object>
</annotation>
