<annotation>
	<folder>PNG</folder>
	<filename>welsey-132.JPEG</filename>
	<path>/home/pi/Desktop/PNG/welsey-132.JPEG</path>
	<source>
		<database>Unknown</database>
	</source>
	<size>
		<width>1280</width>
		<height>1280</height>
		<depth>3</depth>
	</size>
	<segmented>0</segmented>
	<object>
		<name>circle</name>
		<pose>Unspecified</pose>
		<truncated>0</truncated>
		<difficult>0</difficult>
		<bndbox>
			<xmin>276</xmin>
			<ymin>394</ymin>
			<xmax>513</xmax>
			<ymax>635</ymax>
		</bndbox>
	</object>
	<object>
		<name>square</name>
		<pose>Unspecified</pose>
		<truncated>0</truncated>
		<difficult>0</difficult>
		<bndbox>
			<xmin>452</xmin>
			<ymin>525</ymin>
			<xmax>779</xmax>
			<ymax>853</ymax>
		</bndbox>
	</object>
	<object>
		<name>square</name>
		<pose>Unspecified</pose>
		<truncated>0</truncated>
		<difficult>0</difficult>
		<bndbox>
			<xmin>135</xmin>
			<ymin>662</ymin>
			<xmax>478</xmax>
			<ymax>998</ymax>
		</bndbox>
	</object>
</annotation>
