<annotation>
	<folder>PNG</folder>
	<filename>welsey-253.JPEG</filename>
	<path>/home/pi/Desktop/PNG/welsey-253.JPEG</path>
	<source>
		<database>Unknown</database>
	</source>
	<size>
		<width>1280</width>
		<height>1280</height>
		<depth>3</depth>
	</size>
	<segmented>0</segmented>
	<object>
		<name>triangle</name>
		<pose>Unspecified</pose>
		<truncated>0</truncated>
		<difficult>0</difficult>
		<bndbox>
			<xmin>518</xmin>
			<ymin>90</ymin>
			<xmax>728</xmax>
			<ymax>329</ymax>
		</bndbox>
	</object>
	<object>
		<name>bar</name>
		<pose>Unspecified</pose>
		<truncated>0</truncated>
		<difficult>0</difficult>
		<bndbox>
			<xmin>315</xmin>
			<ymin>414</ymin>
			<xmax>376</xmax>
			<ymax>661</ymax>
		</bndbox>
	</object>
	<object>
		<name>circle</name>
		<pose>Unspecified</pose>
		<truncated>0</truncated>
		<difficult>0</difficult>
		<bndbox>
			<xmin>900</xmin>
			<ymin>418</ymin>
			<xmax>1107</xmax>
			<ymax>635</ymax>
		</bndbox>
	</object>
</annotation>
