<annotation>
	<folder>PNG</folder>
	<filename>welsey-234.JPEG</filename>
	<path>/home/pi/Desktop/PNG/welsey-234.JPEG</path>
	<source>
		<database>Unknown</database>
	</source>
	<size>
		<width>1280</width>
		<height>1280</height>
		<depth>3</depth>
	</size>
	<segmented>0</segmented>
	<object>
		<name>square</name>
		<pose>Unspecified</pose>
		<truncated>0</truncated>
		<difficult>0</difficult>
		<bndbox>
			<xmin>252</xmin>
			<ymin>405</ymin>
			<xmax>618</xmax>
			<ymax>770</ymax>
		</bndbox>
	</object>
	<object>
		<name>triangle</name>
		<pose>Unspecified</pose>
		<truncated>0</truncated>
		<difficult>0</difficult>
		<bndbox>
			<xmin>600</xmin>
			<ymin>416</ymin>
			<xmax>905</xmax>
			<ymax>740</ymax>
		</bndbox>
	</object>
</annotation>
