<annotation>
	<folder>PNG</folder>
	<filename>welsey-66.JPEG</filename>
	<path>/home/pi/Desktop/PNG/welsey-66.JPEG</path>
	<source>
		<database>Unknown</database>
	</source>
	<size>
		<width>1280</width>
		<height>1280</height>
		<depth>3</depth>
	</size>
	<segmented>0</segmented>
	<object>
		<name>square</name>
		<pose>Unspecified</pose>
		<truncated>0</truncated>
		<difficult>0</difficult>
		<bndbox>
			<xmin>524</xmin>
			<ymin>286</ymin>
			<xmax>800</xmax>
			<ymax>564</ymax>
		</bndbox>
	</object>
	<object>
		<name>square</name>
		<pose>Unspecified</pose>
		<truncated>0</truncated>
		<difficult>0</difficult>
		<bndbox>
			<xmin>492</xmin>
			<ymin>818</ymin>
			<xmax>824</xmax>
			<ymax>1153</ymax>
		</bndbox>
	</object>
	<object>
		<name>triangle</name>
		<pose>Unspecified</pose>
		<truncated>0</truncated>
		<difficult>0</difficult>
		<bndbox>
			<xmin>928</xmin>
			<ymin>453</ymin>
			<xmax>1139</xmax>
			<ymax>696</ymax>
		</bndbox>
	</object>
</annotation>
