<annotation>
	<folder>PNG</folder>
	<filename>welsey-10.JPEG</filename>
	<path>/home/pi/Desktop/PNG/welsey-10.JPEG</path>
	<source>
		<database>Unknown</database>
	</source>
	<size>
		<width>1280</width>
		<height>1280</height>
		<depth>3</depth>
	</size>
	<segmented>0</segmented>
	<object>
		<name>bar</name>
		<pose>Unspecified</pose>
		<truncated>0</truncated>
		<difficult>0</difficult>
		<bndbox>
			<xmin>226</xmin>
			<ymin>540</ymin>
			<xmax>472</xmax>
			<ymax>611</ymax>
		</bndbox>
	</object>
	<object>
		<name>square</name>
		<pose>Unspecified</pose>
		<truncated>0</truncated>
		<difficult>0</difficult>
		<bndbox>
			<xmin>689</xmin>
			<ymin>683</ymin>
			<xmax>952</xmax>
			<ymax>949</ymax>
		</bndbox>
	</object>
	<object>
		<name>triangle</name>
		<pose>Unspecified</pose>
		<truncated>0</truncated>
		<difficult>0</difficult>
		<bndbox>
			<xmin>500</xmin>
			<ymin>255</ymin>
			<xmax>731</xmax>
			<ymax>483</ymax>
		</bndbox>
	</object>
</annotation>
