<annotation>
	<folder>PNG</folder>
	<filename>welsey-122.JPEG</filename>
	<path>/home/pi/Desktop/PNG/welsey-122.JPEG</path>
	<source>
		<database>Unknown</database>
	</source>
	<size>
		<width>1280</width>
		<height>1280</height>
		<depth>3</depth>
	</size>
	<segmented>0</segmented>
	<object>
		<name>circle</name>
		<pose>Unspecified</pose>
		<truncated>0</truncated>
		<difficult>0</difficult>
		<bndbox>
			<xmin>279</xmin>
			<ymin>309</ymin>
			<xmax>624</xmax>
			<ymax>649</ymax>
		</bndbox>
	</object>
	<object>
		<name>circle</name>
		<pose>Unspecified</pose>
		<truncated>0</truncated>
		<difficult>0</difficult>
		<bndbox>
			<xmin>417</xmin>
			<ymin>692</ymin>
			<xmax>759</xmax>
			<ymax>1042</ymax>
		</bndbox>
	</object>
</annotation>
