<annotation>
	<folder>PNG</folder>
	<filename>welsey-241.JPEG</filename>
	<path>/home/pi/Desktop/PNG/welsey-241.JPEG</path>
	<source>
		<database>Unknown</database>
	</source>
	<size>
		<width>1280</width>
		<height>1280</height>
		<depth>3</depth>
	</size>
	<segmented>0</segmented>
	<object>
		<name>bar</name>
		<pose>Unspecified</pose>
		<truncated>0</truncated>
		<difficult>0</difficult>
		<bndbox>
			<xmin>196</xmin>
			<ymin>349</ymin>
			<xmax>504</xmax>
			<ymax>509</ymax>
		</bndbox>
	</object>
	<object>
		<name>triangle</name>
		<pose>Unspecified</pose>
		<truncated>0</truncated>
		<difficult>0</difficult>
		<bndbox>
			<xmin>409</xmin>
			<ymin>548</ymin>
			<xmax>683</xmax>
			<ymax>838</ymax>
		</bndbox>
	</object>
	<object>
		<name>circle</name>
		<pose>Unspecified</pose>
		<truncated>0</truncated>
		<difficult>0</difficult>
		<bndbox>
			<xmin>631</xmin>
			<ymin>320</ymin>
			<xmax>937</xmax>
			<ymax>616</ymax>
		</bndbox>
	</object>
</annotation>
