<annotation>
	<folder>PNG</folder>
	<filename>welsey-138.JPEG</filename>
	<path>/home/pi/Desktop/PNG/welsey-138.JPEG</path>
	<source>
		<database>Unknown</database>
	</source>
	<size>
		<width>1280</width>
		<height>1280</height>
		<depth>3</depth>
	</size>
	<segmented>0</segmented>
	<object>
		<name>square</name>
		<pose>Unspecified</pose>
		<truncated>0</truncated>
		<difficult>0</difficult>
		<bndbox>
			<xmin>270</xmin>
			<ymin>585</ymin>
			<xmax>552</xmax>
			<ymax>859</ymax>
		</bndbox>
	</object>
	<object>
		<name>triangle</name>
		<pose>Unspecified</pose>
		<truncated>0</truncated>
		<difficult>0</difficult>
		<bndbox>
			<xmin>674</xmin>
			<ymin>511</ymin>
			<xmax>883</xmax>
			<ymax>723</ymax>
		</bndbox>
	</object>
	<object>
		<name>bar</name>
		<pose>Unspecified</pose>
		<truncated>0</truncated>
		<difficult>0</difficult>
		<bndbox>
			<xmin>467</xmin>
			<ymin>825</ymin>
			<xmax>661</xmax>
			<ymax>1014</ymax>
		</bndbox>
	</object>
</annotation>
