<annotation>
	<folder>PNG</folder>
	<filename>welsey-74.JPEG</filename>
	<path>/home/pi/Desktop/PNG/welsey-74.JPEG</path>
	<source>
		<database>Unknown</database>
	</source>
	<size>
		<width>1280</width>
		<height>1280</height>
		<depth>3</depth>
	</size>
	<segmented>0</segmented>
	<object>
		<name>square</name>
		<pose>Unspecified</pose>
		<truncated>0</truncated>
		<difficult>0</difficult>
		<bndbox>
			<xmin>417</xmin>
			<ymin>773</ymin>
			<xmax>698</xmax>
			<ymax>1075</ymax>
		</bndbox>
	</object>
	<object>
		<name>circle</name>
		<pose>Unspecified</pose>
		<truncated>0</truncated>
		<difficult>0</difficult>
		<bndbox>
			<xmin>398</xmin>
			<ymin>431</ymin>
			<xmax>624</xmax>
			<ymax>668</ymax>
		</bndbox>
	</object>
	<object>
		<name>bar</name>
		<pose>Unspecified</pose>
		<truncated>0</truncated>
		<difficult>0</difficult>
		<bndbox>
			<xmin>737</xmin>
			<ymin>779</ymin>
			<xmax>996</xmax>
			<ymax>885</ymax>
		</bndbox>
	</object>
</annotation>
