<annotation>
	<folder>PNG</folder>
	<filename>welsey-62.JPEG</filename>
	<path>/home/pi/Desktop/PNG/welsey-62.JPEG</path>
	<source>
		<database>Unknown</database>
	</source>
	<size>
		<width>1280</width>
		<height>1280</height>
		<depth>3</depth>
	</size>
	<segmented>0</segmented>
	<object>
		<name>triangle</name>
		<pose>Unspecified</pose>
		<truncated>0</truncated>
		<difficult>0</difficult>
		<bndbox>
			<xmin>689</xmin>
			<ymin>333</ymin>
			<xmax>935</xmax>
			<ymax>603</ymax>
		</bndbox>
	</object>
	<object>
		<name>bar</name>
		<pose>Unspecified</pose>
		<truncated>0</truncated>
		<difficult>0</difficult>
		<bndbox>
			<xmin>717</xmin>
			<ymin>716</ymin>
			<xmax>811</xmax>
			<ymax>988</ymax>
		</bndbox>
	</object>
</annotation>
