<annotation>
	<folder>PNG</folder>
	<filename>welsey-220.JPEG</filename>
	<path>/home/pi/Desktop/PNG/welsey-220.JPEG</path>
	<source>
		<database>Unknown</database>
	</source>
	<size>
		<width>1280</width>
		<height>1280</height>
		<depth>3</depth>
	</size>
	<segmented>0</segmented>
	<object>
		<name>bar</name>
		<pose>Unspecified</pose>
		<truncated>0</truncated>
		<difficult>0</difficult>
		<bndbox>
			<xmin>313</xmin>
			<ymin>259</ymin>
			<xmax>529</xmax>
			<ymax>364</ymax>
		</bndbox>
	</object>
	<object>
		<name>square</name>
		<pose>Unspecified</pose>
		<truncated>0</truncated>
		<difficult>0</difficult>
		<bndbox>
			<xmin>815</xmin>
			<ymin>399</ymin>
			<xmax>1094</xmax>
			<ymax>672</ymax>
		</bndbox>
	</object>
</annotation>
