<annotation>
	<folder>PNG</folder>
	<filename>welsey-209.JPEG</filename>
	<path>/home/pi/Desktop/PNG/welsey-209.JPEG</path>
	<source>
		<database>Unknown</database>
	</source>
	<size>
		<width>1280</width>
		<height>1280</height>
		<depth>3</depth>
	</size>
	<segmented>0</segmented>
	<object>
		<name>circle</name>
		<pose>Unspecified</pose>
		<truncated>0</truncated>
		<difficult>0</difficult>
		<bndbox>
			<xmin>600</xmin>
			<ymin>188</ymin>
			<xmax>865</xmax>
			<ymax>455</ymax>
		</bndbox>
	</object>
	<object>
		<name>circle</name>
		<pose>Unspecified</pose>
		<truncated>0</truncated>
		<difficult>0</difficult>
		<bndbox>
			<xmin>624</xmin>
			<ymin>642</ymin>
			<xmax>891</xmax>
			<ymax>907</ymax>
		</bndbox>
	</object>
	<object>
		<name>bar</name>
		<pose>Unspecified</pose>
		<truncated>0</truncated>
		<difficult>0</difficult>
		<bndbox>
			<xmin>357</xmin>
			<ymin>840</ymin>
			<xmax>607</xmax>
			<ymax>1062</ymax>
		</bndbox>
	</object>
</annotation>
