<annotation>
	<folder>PNG</folder>
	<filename>welsey-35.JPEG</filename>
	<path>/home/pi/Desktop/PNG/welsey-35.JPEG</path>
	<source>
		<database>Unknown</database>
	</source>
	<size>
		<width>1280</width>
		<height>1280</height>
		<depth>3</depth>
	</size>
	<segmented>0</segmented>
	<object>
		<name>circle</name>
		<pose>Unspecified</pose>
		<truncated>0</truncated>
		<difficult>0</difficult>
		<bndbox>
			<xmin>118</xmin>
			<ymin>542</ymin>
			<xmax>359</xmax>
			<ymax>779</ymax>
		</bndbox>
	</object>
	<object>
		<name>circle</name>
		<pose>Unspecified</pose>
		<truncated>0</truncated>
		<difficult>0</difficult>
		<bndbox>
			<xmin>683</xmin>
			<ymin>781</ymin>
			<xmax>926</xmax>
			<ymax>1022</ymax>
		</bndbox>
	</object>
	<object>
		<name>square</name>
		<pose>Unspecified</pose>
		<truncated>0</truncated>
		<difficult>0</difficult>
		<bndbox>
			<xmin>539</xmin>
			<ymin>222</ymin>
			<xmax>824</xmax>
			<ymax>505</ymax>
		</bndbox>
	</object>
</annotation>
