<annotation>
	<folder>PNG</folder>
	<filename>welsey-149.JPEG</filename>
	<path>/home/pi/Desktop/PNG/welsey-149.JPEG</path>
	<source>
		<database>Unknown</database>
	</source>
	<size>
		<width>1280</width>
		<height>960</height>
		<depth>3</depth>
	</size>
	<segmented>0</segmented>
	<object>
		<name>circle</name>
		<pose>Unspecified</pose>
		<truncated>0</truncated>
		<difficult>0</difficult>
		<bndbox>
			<xmin>705</xmin>
			<ymin>156</ymin>
			<xmax>915</xmax>
			<ymax>322</ymax>
		</bndbox>
	</object>
	<object>
		<name>square</name>
		<pose>Unspecified</pose>
		<truncated>0</truncated>
		<difficult>0</difficult>
		<bndbox>
			<xmin>870</xmin>
			<ymin>363</ymin>
			<xmax>1194</xmax>
			<ymax>637</ymax>
		</bndbox>
	</object>
	<object>
		<name>bar</name>
		<pose>Unspecified</pose>
		<truncated>0</truncated>
		<difficult>0</difficult>
		<bndbox>
			<xmin>862</xmin>
			<ymin>503</ymin>
			<xmax>968</xmax>
			<ymax>753</ymax>
		</bndbox>
	</object>
</annotation>
