<annotation>
	<folder>PNG</folder>
	<filename>welsey-207.JPEG</filename>
	<path>/home/pi/Desktop/PNG/welsey-207.JPEG</path>
	<source>
		<database>Unknown</database>
	</source>
	<size>
		<width>1280</width>
		<height>1280</height>
		<depth>3</depth>
	</size>
	<segmented>0</segmented>
	<object>
		<name>square</name>
		<pose>Unspecified</pose>
		<truncated>0</truncated>
		<difficult>0</difficult>
		<bndbox>
			<xmin>420</xmin>
			<ymin>329</ymin>
			<xmax>744</xmax>
			<ymax>642</ymax>
		</bndbox>
	</object>
	<object>
		<name>bar</name>
		<pose>Unspecified</pose>
		<truncated>0</truncated>
		<difficult>0</difficult>
		<bndbox>
			<xmin>546</xmin>
			<ymin>672</ymin>
			<xmax>822</xmax>
			<ymax>818</ymax>
		</bndbox>
	</object>
	<object>
		<name>triangle</name>
		<pose>Unspecified</pose>
		<truncated>0</truncated>
		<difficult>0</difficult>
		<bndbox>
			<xmin>246</xmin>
			<ymin>764</ymin>
			<xmax>520</xmax>
			<ymax>1018</ymax>
		</bndbox>
	</object>
</annotation>
