<annotation>
	<folder>PNG</folder>
	<filename>welsey-61.JPEG</filename>
	<path>/home/pi/Desktop/PNG/welsey-61.JPEG</path>
	<source>
		<database>Unknown</database>
	</source>
	<size>
		<width>1280</width>
		<height>1280</height>
		<depth>3</depth>
	</size>
	<segmented>0</segmented>
	<object>
		<name>circle</name>
		<pose>Unspecified</pose>
		<truncated>0</truncated>
		<difficult>0</difficult>
		<bndbox>
			<xmin>587</xmin>
			<ymin>381</ymin>
			<xmax>926</xmax>
			<ymax>718</ymax>
		</bndbox>
	</object>
	<object>
		<name>circle</name>
		<pose>Unspecified</pose>
		<truncated>0</truncated>
		<difficult>0</difficult>
		<bndbox>
			<xmin>429</xmin>
			<ymin>698</ymin>
			<xmax>768</xmax>
			<ymax>1044</ymax>
		</bndbox>
	</object>
</annotation>
