<annotation>
	<folder>PNG</folder>
	<filename>welsey-230.JPEG</filename>
	<path>/home/pi/Desktop/PNG/welsey-230.JPEG</path>
	<source>
		<database>Unknown</database>
	</source>
	<size>
		<width>1280</width>
		<height>1280</height>
		<depth>3</depth>
	</size>
	<segmented>0</segmented>
	<object>
		<name>circle</name>
		<pose>Unspecified</pose>
		<truncated>0</truncated>
		<difficult>0</difficult>
		<bndbox>
			<xmin>420</xmin>
			<ymin>131</ymin>
			<xmax>707</xmax>
			<ymax>396</ymax>
		</bndbox>
	</object>
	<object>
		<name>triangle</name>
		<pose>Unspecified</pose>
		<truncated>0</truncated>
		<difficult>0</difficult>
		<bndbox>
			<xmin>602</xmin>
			<ymin>544</ymin>
			<xmax>876</xmax>
			<ymax>820</ymax>
		</bndbox>
	</object>
</annotation>
