<annotation>
	<folder>PNG</folder>
	<filename>welsey-91.JPEG</filename>
	<path>/home/pi/Desktop/PNG/welsey-91.JPEG</path>
	<source>
		<database>Unknown</database>
	</source>
	<size>
		<width>1280</width>
		<height>1280</height>
		<depth>3</depth>
	</size>
	<segmented>0</segmented>
	<object>
		<name>square</name>
		<pose>Unspecified</pose>
		<truncated>0</truncated>
		<difficult>0</difficult>
		<bndbox>
			<xmin>392</xmin>
			<ymin>594</ymin>
			<xmax>715</xmax>
			<ymax>923</ymax>
		</bndbox>
	</object>
	<object>
		<name>circle</name>
		<pose>Unspecified</pose>
		<truncated>0</truncated>
		<difficult>0</difficult>
		<bndbox>
			<xmin>526</xmin>
			<ymin>275</ymin>
			<xmax>759</xmax>
			<ymax>501</ymax>
		</bndbox>
	</object>
</annotation>
