<annotation>
	<folder>PNG</folder>
	<filename>welsey-180.JPEG</filename>
	<path>/home/pi/Desktop/PNG/welsey-180.JPEG</path>
	<source>
		<database>Unknown</database>
	</source>
	<size>
		<width>1280</width>
		<height>960</height>
		<depth>3</depth>
	</size>
	<segmented>0</segmented>
	<object>
		<name>circle</name>
		<pose>Unspecified</pose>
		<truncated>0</truncated>
		<difficult>0</difficult>
		<bndbox>
			<xmin>37</xmin>
			<ymin>234</ymin>
			<xmax>355</xmax>
			<ymax>539</ymax>
		</bndbox>
	</object>
	<object>
		<name>square</name>
		<pose>Unspecified</pose>
		<truncated>0</truncated>
		<difficult>0</difficult>
		<bndbox>
			<xmin>612</xmin>
			<ymin>205</ymin>
			<xmax>1018</xmax>
			<ymax>601</ymax>
		</bndbox>
	</object>
	<object>
		<name>bar</name>
		<pose>Unspecified</pose>
		<truncated>0</truncated>
		<difficult>0</difficult>
		<bndbox>
			<xmin>439</xmin>
			<ymin>655</ymin>
			<xmax>743</xmax>
			<ymax>765</ymax>
		</bndbox>
	</object>
</annotation>
