<annotation>
	<folder>PNG</folder>
	<filename>welsey-28.JPEG</filename>
	<path>/home/pi/Desktop/PNG/welsey-28.JPEG</path>
	<source>
		<database>Unknown</database>
	</source>
	<size>
		<width>1280</width>
		<height>1280</height>
		<depth>3</depth>
	</size>
	<segmented>0</segmented>
	<object>
		<name>triangle</name>
		<pose>Unspecified</pose>
		<truncated>0</truncated>
		<difficult>0</difficult>
		<bndbox>
			<xmin>307</xmin>
			<ymin>529</ymin>
			<xmax>539</xmax>
			<ymax>729</ymax>
		</bndbox>
	</object>
	<object>
		<name>triangle</name>
		<pose>Unspecified</pose>
		<truncated>0</truncated>
		<difficult>0</difficult>
		<bndbox>
			<xmin>739</xmin>
			<ymin>559</ymin>
			<xmax>959</xmax>
			<ymax>753</ymax>
		</bndbox>
	</object>
	<object>
		<name>circle</name>
		<pose>Unspecified</pose>
		<truncated>0</truncated>
		<difficult>0</difficult>
		<bndbox>
			<xmin>522</xmin>
			<ymin>759</ymin>
			<xmax>755</xmax>
			<ymax>992</ymax>
		</bndbox>
	</object>
</annotation>
