<annotation>
	<folder>PNG</folder>
	<filename>welsey-33.JPEG</filename>
	<path>/home/pi/Desktop/PNG/welsey-33.JPEG</path>
	<source>
		<database>Unknown</database>
	</source>
	<size>
		<width>1280</width>
		<height>1280</height>
		<depth>3</depth>
	</size>
	<segmented>0</segmented>
	<object>
		<name>square</name>
		<pose>Unspecified</pose>
		<truncated>0</truncated>
		<difficult>0</difficult>
		<bndbox>
			<xmin>168</xmin>
			<ymin>627</ymin>
			<xmax>489</xmax>
			<ymax>957</ymax>
		</bndbox>
	</object>
	<object>
		<name>circle</name>
		<pose>Unspecified</pose>
		<truncated>0</truncated>
		<difficult>0</difficult>
		<bndbox>
			<xmin>507</xmin>
			<ymin>423</ymin>
			<xmax>765</xmax>
			<ymax>681</ymax>
		</bndbox>
	</object>
	<object>
		<name>bar</name>
		<pose>Unspecified</pose>
		<truncated>0</truncated>
		<difficult>0</difficult>
		<bndbox>
			<xmin>754</xmin>
			<ymin>370</ymin>
			<xmax>846</xmax>
			<ymax>636</ymax>
		</bndbox>
	</object>
</annotation>
