<annotation>
	<folder>PNG</folder>
	<filename>welsey-190.JPEG</filename>
	<path>/home/pi/Desktop/PNG/welsey-190.JPEG</path>
	<source>
		<database>Unknown</database>
	</source>
	<size>
		<width>1280</width>
		<height>960</height>
		<depth>3</depth>
	</size>
	<segmented>0</segmented>
	<object>
		<name>bar</name>
		<pose>Unspecified</pose>
		<truncated>0</truncated>
		<difficult>0</difficult>
		<bndbox>
			<xmin>374</xmin>
			<ymin>298</ymin>
			<xmax>505</xmax>
			<ymax>513</ymax>
		</bndbox>
	</object>
	<object>
		<name>square</name>
		<pose>Unspecified</pose>
		<truncated>0</truncated>
		<difficult>0</difficult>
		<bndbox>
			<xmin>518</xmin>
			<ymin>98</ymin>
			<xmax>836</xmax>
			<ymax>427</ymax>
		</bndbox>
	</object>
	<object>
		<name>square</name>
		<pose>Unspecified</pose>
		<truncated>0</truncated>
		<difficult>0</difficult>
		<bndbox>
			<xmin>374</xmin>
			<ymin>586</ymin>
			<xmax>649</xmax>
			<ymax>822</ymax>
		</bndbox>
	</object>
</annotation>
