<annotation>
	<folder>PNG</folder>
	<filename>welsey-236.JPEG</filename>
	<path>/home/pi/Desktop/PNG/welsey-236.JPEG</path>
	<source>
		<database>Unknown</database>
	</source>
	<size>
		<width>1280</width>
		<height>1280</height>
		<depth>3</depth>
	</size>
	<segmented>0</segmented>
	<object>
		<name>triangle</name>
		<pose>Unspecified</pose>
		<truncated>0</truncated>
		<difficult>0</difficult>
		<bndbox>
			<xmin>209</xmin>
			<ymin>599</ymin>
			<xmax>474</xmax>
			<ymax>848</ymax>
		</bndbox>
	</object>
	<object>
		<name>circle</name>
		<pose>Unspecified</pose>
		<truncated>0</truncated>
		<difficult>0</difficult>
		<bndbox>
			<xmin>698</xmin>
			<ymin>498</ymin>
			<xmax>983</xmax>
			<ymax>773</ymax>
		</bndbox>
	</object>
	<object>
		<name>bar</name>
		<pose>Unspecified</pose>
		<truncated>0</truncated>
		<difficult>0</difficult>
		<bndbox>
			<xmin>437</xmin>
			<ymin>966</ymin>
			<xmax>722</xmax>
			<ymax>1153</ymax>
		</bndbox>
	</object>
</annotation>
