<annotation>
	<folder>PNG</folder>
	<filename>welsey-191.JPEG</filename>
	<path>/home/pi/Desktop/PNG/welsey-191.JPEG</path>
	<source>
		<database>Unknown</database>
	</source>
	<size>
		<width>1280</width>
		<height>960</height>
		<depth>3</depth>
	</size>
	<segmented>0</segmented>
	<object>
		<name>square</name>
		<pose>Unspecified</pose>
		<truncated>0</truncated>
		<difficult>0</difficult>
		<bndbox>
			<xmin>434</xmin>
			<ymin>367</ymin>
			<xmax>705</xmax>
			<ymax>632</ymax>
		</bndbox>
	</object>
	<object>
		<name>square</name>
		<pose>Unspecified</pose>
		<truncated>0</truncated>
		<difficult>0</difficult>
		<bndbox>
			<xmin>832</xmin>
			<ymin>167</ymin>
			<xmax>1112</xmax>
			<ymax>436</ymax>
		</bndbox>
	</object>
	<object>
		<name>square</name>
		<pose>Unspecified</pose>
		<truncated>0</truncated>
		<difficult>0</difficult>
		<bndbox>
			<xmin>749</xmin>
			<ymin>634</ymin>
			<xmax>1018</xmax>
			<ymax>899</ymax>
		</bndbox>
	</object>
</annotation>
