<annotation>
	<folder>PNG</folder>
	<filename>welsey-156.JPEG</filename>
	<path>/home/pi/Desktop/PNG/welsey-156.JPEG</path>
	<source>
		<database>Unknown</database>
	</source>
	<size>
		<width>960</width>
		<height>1280</height>
		<depth>3</depth>
	</size>
	<segmented>0</segmented>
	<object>
		<name>bar</name>
		<pose>Unspecified</pose>
		<truncated>0</truncated>
		<difficult>0</difficult>
		<bndbox>
			<xmin>199</xmin>
			<ymin>464</ymin>
			<xmax>355</xmax>
			<ymax>662</ymax>
		</bndbox>
	</object>
	<object>
		<name>triangle</name>
		<pose>Unspecified</pose>
		<truncated>0</truncated>
		<difficult>0</difficult>
		<bndbox>
			<xmin>473</xmin>
			<ymin>355</ymin>
			<xmax>681</xmax>
			<ymax>555</ymax>
		</bndbox>
	</object>
	<object>
		<name>circle</name>
		<pose>Unspecified</pose>
		<truncated>0</truncated>
		<difficult>0</difficult>
		<bndbox>
			<xmin>294</xmin>
			<ymin>835</ymin>
			<xmax>507</xmax>
			<ymax>1053</ymax>
		</bndbox>
	</object>
</annotation>
