<annotation>
	<folder>PNG</folder>
	<filename>welsey-214.JPEG</filename>
	<path>/home/pi/Desktop/PNG/welsey-214.JPEG</path>
	<source>
		<database>Unknown</database>
	</source>
	<size>
		<width>1280</width>
		<height>1280</height>
		<depth>3</depth>
	</size>
	<segmented>0</segmented>
	<object>
		<name>triangle</name>
		<pose>Unspecified</pose>
		<truncated>0</truncated>
		<difficult>0</difficult>
		<bndbox>
			<xmin>304</xmin>
			<ymin>661</ymin>
			<xmax>600</xmax>
			<ymax>920</ymax>
		</bndbox>
	</object>
	<object>
		<name>bar</name>
		<pose>Unspecified</pose>
		<truncated>0</truncated>
		<difficult>0</difficult>
		<bndbox>
			<xmin>541</xmin>
			<ymin>346</ymin>
			<xmax>809</xmax>
			<ymax>538</ymax>
		</bndbox>
	</object>
	<object>
		<name>circle</name>
		<pose>Unspecified</pose>
		<truncated>0</truncated>
		<difficult>0</difficult>
		<bndbox>
			<xmin>621</xmin>
			<ymin>559</ymin>
			<xmax>910</xmax>
			<ymax>844</ymax>
		</bndbox>
	</object>
</annotation>
