<annotation>
	<folder>PNG</folder>
	<filename>welsey-252.JPEG</filename>
	<path>/home/pi/Desktop/PNG/welsey-252.JPEG</path>
	<source>
		<database>Unknown</database>
	</source>
	<size>
		<width>1280</width>
		<height>1280</height>
		<depth>3</depth>
	</size>
	<segmented>0</segmented>
	<object>
		<name>bar</name>
		<pose>Unspecified</pose>
		<truncated>0</truncated>
		<difficult>0</difficult>
		<bndbox>
			<xmin>513</xmin>
			<ymin>533</ymin>
			<xmax>742</xmax>
			<ymax>688</ymax>
		</bndbox>
	</object>
	<object>
		<name>square</name>
		<pose>Unspecified</pose>
		<truncated>0</truncated>
		<difficult>0</difficult>
		<bndbox>
			<xmin>728</xmin>
			<ymin>112</ymin>
			<xmax>1024</xmax>
			<ymax>403</ymax>
		</bndbox>
	</object>
	<object>
		<name>square</name>
		<pose>Unspecified</pose>
		<truncated>0</truncated>
		<difficult>0</difficult>
		<bndbox>
			<xmin>833</xmin>
			<ymin>762</ymin>
			<xmax>1098</xmax>
			<ymax>1023</ymax>
		</bndbox>
	</object>
</annotation>
