<annotation>
	<folder>PNG</folder>
	<filename>welsey-38.JPEG</filename>
	<path>/home/pi/Desktop/PNG/welsey-38.JPEG</path>
	<source>
		<database>Unknown</database>
	</source>
	<size>
		<width>1280</width>
		<height>1280</height>
		<depth>3</depth>
	</size>
	<segmented>0</segmented>
	<object>
		<name>circle</name>
		<pose>Unspecified</pose>
		<truncated>0</truncated>
		<difficult>0</difficult>
		<bndbox>
			<xmin>350</xmin>
			<ymin>351</ymin>
			<xmax>655</xmax>
			<ymax>653</ymax>
		</bndbox>
	</object>
	<object>
		<name>triangle</name>
		<pose>Unspecified</pose>
		<truncated>0</truncated>
		<difficult>0</difficult>
		<bndbox>
			<xmin>796</xmin>
			<ymin>673</ymin>
			<xmax>1057</xmax>
			<ymax>979</ymax>
		</bndbox>
	</object>
	<object>
		<name>bar</name>
		<pose>Unspecified</pose>
		<truncated>0</truncated>
		<difficult>0</difficult>
		<bndbox>
			<xmin>692</xmin>
			<ymin>107</ymin>
			<xmax>922</xmax>
			<ymax>396</ymax>
		</bndbox>
	</object>
</annotation>
