<annotation>
	<folder>PNG</folder>
	<filename>welsey-116.JPEG</filename>
	<path>/home/pi/Desktop/PNG/welsey-116.JPEG</path>
	<source>
		<database>Unknown</database>
	</source>
	<size>
		<width>1280</width>
		<height>1280</height>
		<depth>3</depth>
	</size>
	<segmented>0</segmented>
	<object>
		<name>circle</name>
		<pose>Unspecified</pose>
		<truncated>0</truncated>
		<difficult>0</difficult>
		<bndbox>
			<xmin>417</xmin>
			<ymin>575</ymin>
			<xmax>652</xmax>
			<ymax>807</ymax>
		</bndbox>
	</object>
	<object>
		<name>bar</name>
		<pose>Unspecified</pose>
		<truncated>0</truncated>
		<difficult>0</difficult>
		<bndbox>
			<xmin>741</xmin>
			<ymin>401</ymin>
			<xmax>850</xmax>
			<ymax>640</ymax>
		</bndbox>
	</object>
</annotation>
