<annotation>
	<folder>PNG</folder>
	<filename>welsey-256.JPEG</filename>
	<path>/home/pi/Desktop/PNG/welsey-256.JPEG</path>
	<source>
		<database>Unknown</database>
	</source>
	<size>
		<width>1280</width>
		<height>1280</height>
		<depth>3</depth>
	</size>
	<segmented>0</segmented>
	<object>
		<name>circle</name>
		<pose>Unspecified</pose>
		<truncated>0</truncated>
		<difficult>0</difficult>
		<bndbox>
			<xmin>92</xmin>
			<ymin>248</ymin>
			<xmax>407</xmax>
			<ymax>562</ymax>
		</bndbox>
	</object>
	<object>
		<name>triangle</name>
		<pose>Unspecified</pose>
		<truncated>0</truncated>
		<difficult>0</difficult>
		<bndbox>
			<xmin>520</xmin>
			<ymin>622</ymin>
			<xmax>783</xmax>
			<ymax>898</ymax>
		</bndbox>
	</object>
</annotation>
