<annotation>
	<folder>PNG</folder>
	<filename>welsey-225.JPEG</filename>
	<path>/home/pi/Desktop/PNG/welsey-225.JPEG</path>
	<source>
		<database>Unknown</database>
	</source>
	<size>
		<width>1280</width>
		<height>1280</height>
		<depth>3</depth>
	</size>
	<segmented>0</segmented>
	<object>
		<name>bar</name>
		<pose>Unspecified</pose>
		<truncated>0</truncated>
		<difficult>0</difficult>
		<bndbox>
			<xmin>124</xmin>
			<ymin>411</ymin>
			<xmax>359</xmax>
			<ymax>514</ymax>
		</bndbox>
	</object>
	<object>
		<name>bar</name>
		<pose>Unspecified</pose>
		<truncated>0</truncated>
		<difficult>0</difficult>
		<bndbox>
			<xmin>383</xmin>
			<ymin>242</ymin>
			<xmax>583</xmax>
			<ymax>411</ymax>
		</bndbox>
	</object>
	<object>
		<name>square</name>
		<pose>Unspecified</pose>
		<truncated>0</truncated>
		<difficult>0</difficult>
		<bndbox>
			<xmin>672</xmin>
			<ymin>551</ymin>
			<xmax>991</xmax>
			<ymax>859</ymax>
		</bndbox>
	</object>
</annotation>
