<annotation>
	<folder>PNG</folder>
	<filename>welsey-96.JPEG</filename>
	<path>/home/pi/Desktop/PNG/welsey-96.JPEG</path>
	<source>
		<database>Unknown</database>
	</source>
	<size>
		<width>1280</width>
		<height>1280</height>
		<depth>3</depth>
	</size>
	<segmented>0</segmented>
	<object>
		<name>circle</name>
		<pose>Unspecified</pose>
		<truncated>0</truncated>
		<difficult>0</difficult>
		<bndbox>
			<xmin>489</xmin>
			<ymin>438</ymin>
			<xmax>709</xmax>
			<ymax>661</ymax>
		</bndbox>
	</object>
	<object>
		<name>triangle</name>
		<pose>Unspecified</pose>
		<truncated>0</truncated>
		<difficult>0</difficult>
		<bndbox>
			<xmin>492</xmin>
			<ymin>796</ymin>
			<xmax>691</xmax>
			<ymax>1016</ymax>
		</bndbox>
	</object>
</annotation>
