<annotation>
	<folder>img 1-270 welsey</folder>
	<filename>welsey-227.JPEG</filename>
	<path>/home/pi/Desktop/img 1-270 welsey/welsey-227.JPEG</path>
	<source>
		<database>Unknown</database>
	</source>
	<size>
		<width>1280</width>
		<height>1280</height>
		<depth>3</depth>
	</size>
	<segmented>0</segmented>
	<object>
		<name>circle</name>
		<pose>Unspecified</pose>
		<truncated>0</truncated>
		<difficult>0</difficult>
		<bndbox>
			<xmin>227</xmin>
			<ymin>619</ymin>
			<xmax>510</xmax>
			<ymax>903</ymax>
		</bndbox>
	</object>
	<object>
		<name>triangle</name>
		<pose>Unspecified</pose>
		<truncated>0</truncated>
		<difficult>0</difficult>
		<bndbox>
			<xmin>623</xmin>
			<ymin>556</ymin>
			<xmax>890</xmax>
			<ymax>793</ymax>
		</bndbox>
	</object>
</annotation>
