<annotation>
	<folder>PNG</folder>
	<filename>welsey-265.JPEG</filename>
	<path>/home/pi/Desktop/PNG/welsey-265.JPEG</path>
	<source>
		<database>Unknown</database>
	</source>
	<size>
		<width>1280</width>
		<height>1280</height>
		<depth>3</depth>
	</size>
	<segmented>0</segmented>
	<object>
		<name>bar</name>
		<pose>Unspecified</pose>
		<truncated>0</truncated>
		<difficult>0</difficult>
		<bndbox>
			<xmin>276</xmin>
			<ymin>481</ymin>
			<xmax>578</xmax>
			<ymax>618</ymax>
		</bndbox>
	</object>
	<object>
		<name>circle</name>
		<pose>Unspecified</pose>
		<truncated>0</truncated>
		<difficult>0</difficult>
		<bndbox>
			<xmin>752</xmin>
			<ymin>288</ymin>
			<xmax>1022</xmax>
			<ymax>577</ymax>
		</bndbox>
	</object>
	<object>
		<name>square</name>
		<pose>Unspecified</pose>
		<truncated>0</truncated>
		<difficult>0</difficult>
		<bndbox>
			<xmin>463</xmin>
			<ymin>738</ymin>
			<xmax>852</xmax>
			<ymax>1116</ymax>
		</bndbox>
	</object>
</annotation>
