<annotation>
	<folder>PNG</folder>
	<filename>welsey-175.JPEG</filename>
	<path>/home/pi/Desktop/PNG/welsey-175.JPEG</path>
	<source>
		<database>Unknown</database>
	</source>
	<size>
		<width>960</width>
		<height>1280</height>
		<depth>3</depth>
	</size>
	<segmented>0</segmented>
	<object>
		<name>square</name>
		<pose>Unspecified</pose>
		<truncated>0</truncated>
		<difficult>0</difficult>
		<bndbox>
			<xmin>101</xmin>
			<ymin>220</ymin>
			<xmax>455</xmax>
			<ymax>568</ymax>
		</bndbox>
	</object>
	<object>
		<name>square</name>
		<pose>Unspecified</pose>
		<truncated>0</truncated>
		<difficult>0</difficult>
		<bndbox>
			<xmin>610</xmin>
			<ymin>248</ymin>
			<xmax>897</xmax>
			<ymax>598</ymax>
		</bndbox>
	</object>
	<object>
		<name>triangle</name>
		<pose>Unspecified</pose>
		<truncated>0</truncated>
		<difficult>0</difficult>
		<bndbox>
			<xmin>277</xmin>
			<ymin>699</ymin>
			<xmax>510</xmax>
			<ymax>946</ymax>
		</bndbox>
	</object>
	<object>
		<name>bar</name>
		<pose>Unspecified</pose>
		<truncated>0</truncated>
		<difficult>0</difficult>
		<bndbox>
			<xmin>658</xmin>
			<ymin>759</ymin>
			<xmax>842</xmax>
			<ymax>903</ymax>
		</bndbox>
	</object>
</annotation>
