<annotation>
	<folder>PNG</folder>
	<filename>welsey-23.JPEG</filename>
	<path>/home/pi/Desktop/PNG/welsey-23.JPEG</path>
	<source>
		<database>Unknown</database>
	</source>
	<size>
		<width>1280</width>
		<height>1280</height>
		<depth>3</depth>
	</size>
	<segmented>0</segmented>
	<object>
		<name>triangle</name>
		<pose>Unspecified</pose>
		<truncated>0</truncated>
		<difficult>0</difficult>
		<bndbox>
			<xmin>359</xmin>
			<ymin>577</ymin>
			<xmax>613</xmax>
			<ymax>848</ymax>
		</bndbox>
	</object>
	<object>
		<name>bar</name>
		<pose>Unspecified</pose>
		<truncated>0</truncated>
		<difficult>0</difficult>
		<bndbox>
			<xmin>479</xmin>
			<ymin>194</ymin>
			<xmax>642</xmax>
			<ymax>468</ymax>
		</bndbox>
	</object>
	<object>
		<name>square</name>
		<pose>Unspecified</pose>
		<truncated>0</truncated>
		<difficult>0</difficult>
		<bndbox>
			<xmin>704</xmin>
			<ymin>492</ymin>
			<xmax>1081</xmax>
			<ymax>870</ymax>
		</bndbox>
	</object>
</annotation>
