<annotation>
	<folder>PNG</folder>
	<filename>welsey-231.JPEG</filename>
	<path>/home/pi/Desktop/PNG/welsey-231.JPEG</path>
	<source>
		<database>Unknown</database>
	</source>
	<size>
		<width>1280</width>
		<height>1280</height>
		<depth>3</depth>
	</size>
	<segmented>0</segmented>
	<object>
		<name>square</name>
		<pose>Unspecified</pose>
		<truncated>0</truncated>
		<difficult>0</difficult>
		<bndbox>
			<xmin>435</xmin>
			<ymin>320</ymin>
			<xmax>809</xmax>
			<ymax>688</ymax>
		</bndbox>
	</object>
	<object>
		<name>bar</name>
		<pose>Unspecified</pose>
		<truncated>0</truncated>
		<difficult>0</difficult>
		<bndbox>
			<xmin>274</xmin>
			<ymin>694</ymin>
			<xmax>435</xmax>
			<ymax>1036</ymax>
		</bndbox>
	</object>
	<object>
		<name>bar</name>
		<pose>Unspecified</pose>
		<truncated>0</truncated>
		<difficult>0</difficult>
		<bndbox>
			<xmin>585</xmin>
			<ymin>748</ymin>
			<xmax>709</xmax>
			<ymax>1096</ymax>
		</bndbox>
	</object>
</annotation>
