<annotation>
	<folder>PNG</folder>
	<filename>welsey-13.JPEG</filename>
	<path>/home/pi/Desktop/PNG/welsey-13.JPEG</path>
	<source>
		<database>Unknown</database>
	</source>
	<size>
		<width>1280</width>
		<height>1280</height>
		<depth>3</depth>
	</size>
	<segmented>0</segmented>
	<object>
		<name>square</name>
		<pose>Unspecified</pose>
		<truncated>0</truncated>
		<difficult>0</difficult>
		<bndbox>
			<xmin>396</xmin>
			<ymin>248</ymin>
			<xmax>702</xmax>
			<ymax>548</ymax>
		</bndbox>
	</object>
	<object>
		<name>bar</name>
		<pose>Unspecified</pose>
		<truncated>0</truncated>
		<difficult>0</difficult>
		<bndbox>
			<xmin>763</xmin>
			<ymin>392</ymin>
			<xmax>861</xmax>
			<ymax>623</ymax>
		</bndbox>
	</object>
	<object>
		<name>circle</name>
		<pose>Unspecified</pose>
		<truncated>0</truncated>
		<difficult>0</difficult>
		<bndbox>
			<xmin>468</xmin>
			<ymin>717</ymin>
			<xmax>696</xmax>
			<ymax>950</ymax>
		</bndbox>
	</object>
</annotation>
